typos,word,suggest,check
TRUE,bird,bird,TRUE
TRUE,found,found,TRUE
FALSE,rwi,wing,FALSE
TRUE,strike,strike,TRUE
TRUE,report,report,TRUE
FALSE,dmg,damage,FALSE
FALSE,damag,damage,FALSE
FALSE,reptd,Reported,FALSE
TRUE,remain,remain,TRUE
TRUE,pilot,pilot,TRUE
TRUE,struck,struck,TRUE
TRUE,day,day,TRUE
TRUE,aircraft,aircraft,TRUE
TRUE,hit,hit,TRUE
TRUE,inspect,inspect,TRUE
TRUE,land,land,TRUE
TRUE,runway,runway,TRUE
FALSE,inspn,inspect,FALSE
TRUE,flt,flt,TRUE
TRUE,note,note,TRUE
FALSE,smithsonian,Smithsonian,TRUE
FALSE,assum,assume,FALSE
FALSE,birdstrik,strike,FALSE
FALSE,twi,twee,FALSE
TRUE,carcass,carcass,TRUE
TRUE,wing,wing,TRUE
FALSE,eng,engine,FALSE
TRUE,flight,flight,TRUE
TRUE,remark,remark,TRUE
TRUE,collect,collect,TRUE
TRUE,side,side,TRUE
TRUE,time,time,TRUE
TRUE,nose,nose,TRUE
TRUE,crew,crew,TRUE
TRUE,final,final,TRUE
TRUE,one,one,TRUE
TRUE,small,small,TRUE
FALSE,evid,evidance,FALSE
TRUE,number,number,TRUE
FALSE,oper,operate,FALSE
TRUE,airport,airport,TRUE
TRUE,just,just,TRUE
FALSE,locat,locate,FALSE
TRUE,left,left,TRUE
FALSE,radom,radome,FALSE
FALSE,arpt,airport,FALSE
FALSE,snarg,snarg,TRUE
FALSE,remov,remove,FALSE
FALSE,entri,enter,FALSE
FALSE,engin,engine,FALSE
FALSE,sampl,sample,FALSE
TRUE,impact,impact,TRUE
FALSE,arriv,arrive,FALSE
FALSE,possibl,possible,FALSE
TRUE,near,near,TRUE
FALSE,routin,routine,FALSE
TRUE,night,night,TRUE
TRUE,data,data,TRUE
TRUE,unknown,unknown,TRUE
FALSE,incid,incid,TRUE
TRUE,capt,capt,TRUE
FALSE,edg,edge,FALSE
TRUE,feather,feather,TRUE
FALSE,mor,mor,TRUE
TRUE,window,window,TRUE
TRUE,occur,occur,TRUE
FALSE,fuselag,fuselage,FALSE
TRUE,mile,mile,TRUE
FALSE,faa,FAA,TRUE
TRUE,gear,gear,TRUE
TRUE,blood,blood,TRUE
TRUE,clean,clean,TRUE
TRUE,call,call,TRUE
TRUE,area,area,TRUE
FALSE,advi,adv,FALSE
FALSE,notifi,notify,FALSE
FALSE,ldg,land,FALSE
TRUE,ingest,ingest,TRUE
TRUE,right,right,TRUE
TRUE,sent,sent,TRUE
TRUE,depart,depart,TRUE
TRUE,upon,upon,TRUE
TRUE,windshield,windshield,TRUE
TRUE,gate,gate,TRUE
FALSE,speci,species,FALSE
TRUE,tower,tower,TRUE
TRUE,feet,feet,TRUE
FALSE,departur,departure,FALSE
FALSE,windshld,windshield,FALSE
TRUE,approach,approach,TRUE
TRUE,saw,saw,TRUE
TRUE,short,short,TRUE
TRUE,dead,dead,TRUE
TRUE,roll,roll,TRUE
FALSE,mainten,maintain,FALSE
TRUE,blade,blade,TRUE
TRUE,approx,approx,TRUE
TRUE,dove,dove,TRUE
FALSE,rept,rept,TRUE
TRUE,end,end,TRUE
FALSE,sml,sml,TRUE
TRUE,check,check,TRUE
FALSE,continu,continue,FALSE
TRUE,flap,flap,TRUE
FALSE,apch,approach,FALSE
TRUE,gull,gull,TRUE
TRUE,state,state,TRUE
FALSE,wildlif,wildlife,FALSE
TRUE,flock,flock,TRUE
FALSE,indic,indicate,FALSE
TRUE,dent,dent,TRUE
TRUE,warn,warn,TRUE
FALSE,recov,recover,FALSE
FALSE,airlin,airline,FALSE
TRUE,inform,inform,TRUE
FALSE,atct,attack,FALSE
TRUE,around,around,TRUE
TRUE,seen,seen,TRUE
FALSE,servic,service,FALSE
FALSE,ati,ati,TRUE
FALSE,rotat,rotator,FALSE
TRUE,post,post,TRUE
FALSE,centerlin,centerline,FALSE
TRUE,taxi,taxi,TRUE
TRUE,two,two,TRUE
TRUE,heard,heard,TRUE
TRUE,cowl,cowl,TRUE
TRUE,swallow,swallow,TRUE
TRUE,windscreen,windscreen,TRUE
TRUE,morn,morn,TRUE
TRUE,see,see,TRUE
TRUE,lead,lead,TRUE
FALSE,complet,complete,FALSE
TRUE,fan,fan,TRUE
TRUE,personnel,personnel,TRUE
TRUE,part,part,TRUE
TRUE,phase,phase,TRUE
FALSE,twr,twr,TRUE
TRUE,appear,appear,TRUE
FALSE,intxn,intxn,TRUE
TRUE,without,without,TRUE
FALSE,agl,agl,TRUE
FALSE,observ,observe,FALSE
FALSE,discov,discover,FALSE
FALSE,btwn,between,FALSE
TRUE,control,control,TRUE
TRUE,contd,contd,TRUE
TRUE,airfield,airfield,TRUE
TRUE,due,due,TRUE
TRUE,normal,normal,TRUE
TRUE,confirm,confirm,TRUE
FALSE,atc,atc,TRUE
TRUE,contact,contact,TRUE
FALSE,fod,fod,TRUE
FALSE,notic,notic,TRUE
TRUE,hawk,hawk,TRUE
TRUE,light,light,TRUE
TRUE,dawn,dawn,TRUE
TRUE,will,will,TRUE
FALSE,aprch,approach,FALSE
TRUE,return,return,TRUE
FALSE,daili,daily,FALSE
TRUE,front,front,TRUE
TRUE,respond,respond,TRUE
FALSE,dal,dal,TRUE
FALSE,replac,replace,FALSE
FALSE,injuri,injure,FALSE
FALSE,mechan,mechanic,FALSE
FALSE,unkn,unknown,FALSE
TRUE,ramp,ramp,TRUE
TRUE,sparrow,sparrow,TRUE
TRUE,size,size,TRUE
FALSE,multipl,multiple,FALSE
TRUE,intersect,intersect,TRUE
TRUE,east,east,TRUE
FALSE,remvd,removed,FALSE
FALSE,swa,swa,TRUE
TRUE,north,north,TRUE
TRUE,prior,prior,TRUE
TRUE,takeoff,takeoff,TRUE
TRUE,inbound,inbound,TRUE
TRUE,said,said,TRUE
TRUE,made,made,TRUE
TRUE,info,info,TRUE
FALSE,usda,USDA,TRUE
TRUE,also,also,TRUE
TRUE,intact,intact,TRUE
TRUE,west,west,TRUE
FALSE,aal,aal,TRUE
FALSE,unabl,unable,FALSE
TRUE,taxiway,taxiway,TRUE
TRUE,threshold,threshold,TRUE
FALSE,approxim,approximate,FALSE
TRUE,center,center,TRUE
TRUE,mourn,mourn,TRUE
FALSE,appar,appear,FALSE
TRUE,walk,walk,TRUE
FALSE,destin,destination,FALSE
TRUE,south,south,TRUE
TRUE,ground,ground,TRUE
TRUE,conduct,conduct,TRUE
FALSE,kclt,kclt,TRUE
TRUE,sever,sever,TRUE
TRUE,barn,barn,TRUE
TRUE,mark,mark,TRUE
TRUE,effect,effect,TRUE
FALSE,larg,large,FALSE
FALSE,determin,determine,FALSE
TRUE,main,main,TRUE
TRUE,delta,delta,TRUE
TRUE,date,date,TRUE
TRUE,back,back,TRUE
TRUE,line,line,TRUE
TRUE,taken,taken,TRUE
FALSE,pirep,pirep,TRUE
TRUE,base,base,TRUE
TRUE,climb,climb,TRUE
TRUE,close,close,TRUE
TRUE,event,event,TRUE
TRUE,sweep,sweep,TRUE
FALSE,receiv,receive,FALSE
TRUE,flare,flare,TRUE
TRUE,shoulder,shoulder,TRUE
TRUE,may,may,TRUE
FALSE,lcl,lcl,TRUE
TRUE,air,air,TRUE
TRUE,black,black,TRUE
FALSE,inspctd,inspect,FALSE
FALSE,ual,ual,TRUE
FALSE,lwr,lower,FALSE
TRUE,perform,perform,TRUE
TRUE,first,first,TRUE
FALSE,analysi,analysis,FALSE
FALSE,starl,starl,TRUE
TRUE,door,door,TRUE
TRUE,cockpit,cockpit,TRUE
FALSE,postflt,postflt,TRUE
FALSE,american,American,TRUE
TRUE,killdeer,killdeer,TRUE
TRUE,flew,flew,TRUE
TRUE,find,find,TRUE
FALSE,awar,awar,TRUE
FALSE,clt,clt,TRUE
TRUE,repair,repair,TRUE
FALSE,tissu,tissue,FALSE
TRUE,bat,bat,TRUE
TRUE,like,like,TRUE
TRUE,assist,assist,TRUE
TRUE,hrs,hrs,TRUE
FALSE,visibl,visible,FALSE
TRUE,prop,prop,TRUE
TRUE,sign,sign,TRUE
FALSE,retriev,retrieve,FALSE
TRUE,lower,lower,TRUE
TRUE,smear,smear,TRUE
FALSE,fos,fos,TRUE
TRUE,cost,cost,TRUE
FALSE,fli,fli,TRUE
FALSE,identifi,identify,FALSE
TRUE,biol,biol,TRUE
TRUE,minor,minor,TRUE
TRUE,park,park,TRUE
TRUE,deer,deer,TRUE
TRUE,took,took,TRUE
FALSE,dna,DNA,TRUE
TRUE,take,take,TRUE
TRUE,kestrel,kestrel,TRUE
TRUE,suspect,suspect,TRUE
FALSE,borescop,borescop,TRUE
TRUE,run,run,TRUE
TRUE,known,known,TRUE
TRUE,clear,clear,TRUE
TRUE,per,per,TRUE
FALSE,recvrd,recovered,FALSE
TRUE,form,form,TRUE
FALSE,debri,debris,FALSE
TRUE,later,later,TRUE
TRUE,owl,owl,TRUE
TRUE,inlet,inlet,TRUE
TRUE,fwd,fwd,TRUE
TRUE,show,show,TRUE
TRUE,field,field,TRUE
TRUE,upper,upper,TRUE
TRUE,pigeon,pigeon,TRUE
TRUE,marker,marker,TRUE
TRUE,port,port,TRUE
FALSE,retd,retd,TRUE
FALSE,emerg,emerge,FALSE
TRUE,slat,slat,TRUE
TRUE,top,top,TRUE
TRUE,meadowlark,meadowlark,TRUE
TRUE,captain,captain,TRUE
TRUE,core,core,TRUE
TRUE,avail,avail,TRUE
FALSE,walkaround,walk around,FALSE
TRUE,result,result,TRUE
TRUE,local,local,TRUE
TRUE,cont,cont,TRUE
TRUE,aft,aft,TRUE
TRUE,safe,safe,TRUE
TRUE,thump,thump,TRUE
FALSE,rollout,roll out,FALSE
FALSE,requir,require,FALSE
FALSE,airfld,airfield,FALSE
FALSE,surfac,surface,FALSE
TRUE,plane,plane,TRUE
TRUE,type,type,TRUE
FALSE,identif,identify,FALSE
FALSE,idd,idd,TRUE
FALSE,believ,believe,FALSE
FALSE,offic,office,FALSE
TRUE,delay,delay,TRUE
FALSE,materi,material,FALSE
FALSE,unawar,unaware,FALSE
TRUE,felt,felt,TRUE
FALSE,remainsevid,remainsevid,TRUE
TRUE,whole,whole,TRUE
FALSE,caus,caus,TRUE
TRUE,turn,turn,TRUE
TRUE,follow,follow,TRUE
FALSE,deptr,departure,FALSE
TRUE,point,point,TRUE
TRUE,went,went,TRUE
TRUE,none,none,TRUE
FALSE,arff,arff,TRUE
FALSE,noth,noth,TRUE
FALSE,provid,provide,FALSE
TRUE,thru,thru,TRUE
TRUE,photo,photo,TRUE
FALSE,klga,klga,TRUE
TRUE,duck,duck,TRUE
TRUE,next,next,TRUE
TRUE,abeam,abeam,TRUE
FALSE,minut,minut,TRUE
FALSE,inbd,inbd,TRUE
TRUE,biologist,biologist,TRUE
FALSE,undetermin,undetermined,FALSE
TRUE,touchdown,touchdown,TRUE
TRUE,gee,gee,TRUE
TRUE,loud,loud,TRUE
FALSE,closur,closure,FALSE
TRUE,enter,enter,TRUE
TRUE,abort,abort,TRUE
FALSE,atl,atl,TRUE
TRUE,white,white,TRUE
TRUE,goo,goo,TRUE
FALSE,negat,negat,TRUE
FALSE,safeti,safety,FALSE
TRUE,pick,pick,TRUE
TRUE,dispatch,dispatch,TRUE
FALSE,lrg,lrg,TRUE
FALSE,skw,skw,TRUE
FALSE,piec,piec,TRUE
FALSE,pitot,pilot,FALSE
TRUE,alt,alt,TRUE
FALSE,maint,main,FALSE
TRUE,smell,smell,TRUE
FALSE,dispo,dipso,FALSE
TRUE,tail,tail,TRUE
TRUE,speed,speed,TRUE
TRUE,request,request,TRUE
TRUE,touch,touch,TRUE
TRUE,file,file,TRUE
FALSE,stabil,stability,FALSE
TRUE,need,need,TRUE
TRUE,cone,cone,TRUE
TRUE,given,given,TRUE
TRUE,know,know,TRUE
FALSE,kdfw,kdfw,TRUE
FALSE,abnorm,abnorm,TRUE
TRUE,tube,tube,TRUE
TRUE,pass,pass,TRUE
FALSE,dest,dest,TRUE
TRUE,lark,lark,TRUE
FALSE,dri,dri,TRUE
TRUE,hour,hour,TRUE
TRUE,thought,thought,TRUE
TRUE,spot,spot,TRUE
FALSE,damageinjuri,damage,FALSE
FALSE,activ,active,FALSE
TRUE,bent,bent,TRUE
TRUE,least,least,TRUE
TRUE,author,author,TRUE
TRUE,look,look,TRUE
TRUE,dept,dept,TRUE
FALSE,wildlf,wildlife,FALSE
TRUE,reveal,reveal,TRUE
TRUE,visual,visual,TRUE
FALSE,anoth,another,FALSE
FALSE,whenwher,whenever,FALSE
TRUE,posit,posit,TRUE
FALSE,encount,encount,TRUE
TRUE,horn,horn,TRUE
TRUE,crack,crack,TRUE
FALSE,initi,initial,FALSE
FALSE,singl,single,FALSE
TRUE,three,three,TRUE
FALSE,estim,estimate,FALSE
TRUE,root,root,TRUE
TRUE,inch,inch,TRUE
TRUE,second,second,TRUE
FALSE,vibrat,vibrate,FALSE
FALSE,msl,msl,TRUE
FALSE,airsid,airsid,TRUE
TRUE,unit,unit,TRUE
TRUE,happen,happen,TRUE
FALSE,jbu,jbu,TRUE
FALSE,insid,inside,FALSE
FALSE,postflight,post flight,FALSE
TRUE,copilot,copilot,TRUE
TRUE,exit,exit,TRUE
TRUE,within,within,TRUE
FALSE,otbd,otbd,TRUE
TRUE,log,log,TRUE
TRUE,miss,miss,TRUE
TRUE,dusk,dusk,TRUE
TRUE,use,use,TRUE
FALSE,immedi,immidiate,FALSE
TRUE,along,along,TRUE
TRUE,sure,sure,TRUE
FALSE,declar,declare,FALSE
FALSE,nacel,nacel,TRUE
TRUE,logbook,logbook,TRUE
TRUE,across,across,TRUE
TRUE,rem,rem,TRUE
FALSE,addit,addit,TRUE
TRUE,leg,leg,TRUE
TRUE,accord,accord,TRUE
TRUE,wheel,wheel,TRUE
TRUE,eastern,eastern,TRUE
TRUE,head,head,TRUE
FALSE,issu,issue,FALSE
TRUE,place,place,TRUE
TRUE,bag,bag,TRUE
TRUE,inboard,inboard,TRUE
FALSE,probabl,probable,FALSE
TRUE,came,came,TRUE
TRUE,cross,cross,TRUE
TRUE,origin,origin,TRUE
FALSE,morremark,morremark,TRUE
TRUE,bottom,bottom,TRUE
FALSE,kden,kden,TRUE
TRUE,lax,lax,TRUE
TRUE,min,min,TRUE
FALSE,chang,chang,TRUE
FALSE,drm,drm,TRUE
FALSE,preflt,prefect,FALSE
TRUE,slight,slight,TRUE
TRUE,path,path,TRUE
TRUE,section,section,TRUE
FALSE,intak,intake,FALSE
TRUE,ask,ask,TRUE
TRUE,detail,detail,TRUE
FALSE,schedul,schedule,FALSE
TRUE,band,band,TRUE
TRUE,wiper,wiper,TRUE
TRUE,splatter,splatter,TRUE
FALSE,sourc,source,FALSE
TRUE,alert,alert,TRUE
TRUE,strut,strut,TRUE
TRUE,limit,limit,TRUE
FALSE,dfw,dfw,TRUE
FALSE,pax,pax,TRUE
TRUE,man,man,TRUE
TRUE,never,never,TRUE
TRUE,outbound,outbound,TRUE
FALSE,condit,conduit,FALSE
TRUE,done,done,TRUE
FALSE,undersid,underside,FALSE
TRUE,submit,submit,TRUE
TRUE,previous,previous,TRUE
TRUE,tip,tip,TRUE
TRUE,outboard,outboard,TRUE
TRUE,behind,behind,TRUE
TRUE,brown,brown,TRUE
FALSE,citi,citi,TRUE
FALSE,ewr,ewr,TRUE
FALSE,injur,injure,FALSE
FALSE,usdaw,USDA,FALSE
TRUE,sound,sound,TRUE
FALSE,svc,sec,FALSE
FALSE,howev,however,FALSE
FALSE,sfti,sift,FALSE
TRUE,sustain,sustain,TRUE
FALSE,ord,rod,FALSE
TRUE,descent,descent,TRUE
FALSE,recvd,recvd,TRUE
FALSE,abl,abl,TRUE
TRUE,system,system,TRUE
TRUE,compressor,compressor,TRUE
TRUE,broken,broken,TRUE
FALSE,crj,crj,TRUE
FALSE,alreadi,already,FALSE
TRUE,foot,foot,TRUE
FALSE,redtail,redtail,TRUE
TRUE,well,well,TRUE
TRUE,red,red,TRUE
TRUE,forward,forward,TRUE
TRUE,still,still,TRUE
TRUE,fuel,fuel,TRUE
TRUE,hear,hear,TRUE
TRUE,full,full,TRUE
TRUE,crow,crow,TRUE
TRUE,midfield,midfield,TRUE
TRUE,rain,rain,TRUE
FALSE,rpa,rpa,TRUE
FALSE,anim,anim,TRUE
TRUE,grass,grass,TRUE
TRUE,cloud,cloud,TRUE
FALSE,coyot,coyot,TRUE
FALSE,altitud,altitude,FALSE
FALSE,vicin,vicin,TRUE
FALSE,outsid,outside,FALSE
TRUE,direct,direct,TRUE
FALSE,rdr,rdr,TRUE
TRUE,traffic,traffic,TRUE
FALSE,unreport,unreport,TRUE
TRUE,med,med,TRUE
FALSE,paramet,paramet,TRUE
TRUE,interview,interview,TRUE
TRUE,downwind,downwind,TRUE
FALSE,glanc,glanc,TRUE
FALSE,unev,unev,TRUE
TRUE,fair,fair,TRUE
FALSE,residu,residue,FALSE
FALSE,juvenil,juvenile,FALSE
TRUE,freezer,freezer,TRUE
FALSE,noi,noi,TRUE
TRUE,thud,thud,TRUE
TRUE,defect,defect,TRUE
TRUE,skunk,skunk,TRUE
TRUE,specif,specif,TRUE
TRUE,via,via,TRUE
FALSE,preflight,preflight,TRUE
TRUE,half,half,TRUE
TRUE,rotor,rotor,TRUE
TRUE,pic,pic,TRUE
TRUE,told,told,TRUE
TRUE,power,power,TRUE
FALSE,distanc,distance,FALSE
TRUE,owner,owner,TRUE
TRUE,avoid,avoid,TRUE
TRUE,southwest,southwest,TRUE
TRUE,agent,agent,TRUE
TRUE,correct,correct,TRUE
FALSE,bodi,body,FALSE
TRUE,cabin,cabin,TRUE
TRUE,den,den,TRUE
TRUE,problem,problem,TRUE
FALSE,signif,signify,FALSE
TRUE,panel,panel,TRUE
TRUE,portion,portion,TRUE
TRUE,differ,differ,TRUE
FALSE,acft,aircraft,FALSE
TRUE,corner,corner,TRUE
FALSE,notam,notam,TRUE
TRUE,odor,odor,TRUE
TRUE,special,special,TRUE
FALSE,lga,lga,TRUE
TRUE,high,high,TRUE
FALSE,mtce,mtce,TRUE
TRUE,skin,skin,TRUE
FALSE,registr,register,FALSE
FALSE,jia,jia,TRUE
FALSE,vultur,vulture,FALSE
TRUE,last,last,TRUE
TRUE,regard,regard,TRUE
FALSE,sinc,sinc,TRUE
TRUE,come,come,TRUE
TRUE,dark,dark,TRUE
TRUE,hold,hold,TRUE
FALSE,decea,deceased,FALSE
FALSE,enrout,enrout,TRUE
TRUE,stuck,stuck,TRUE
TRUE,say,say,TRUE
TRUE,amt,amt,TRUE
TRUE,pattern,pattern,TRUE
TRUE,medium,medium,TRUE
FALSE,asq,asq,TRUE
TRUE,either,either,TRUE
TRUE,partial,partial,TRUE
TRUE,cop,cop,TRUE
FALSE,insuffici,insufficient,FALSE
FALSE,kts,kts,TRUE
FALSE,vehicl,vehicle,FALSE
TRUE,paint,paint,TRUE
FALSE,kewr,kewr,TRUE
TRUE,stain,stain,TRUE
TRUE,western,western,TRUE
FALSE,canada,Canada,TRUE
TRUE,present,present,TRUE
FALSE,climbout,climb out,FALSE
FALSE,unsur,unsure,FALSE
FALSE,termin,termini,FALSE
FALSE,kslc,kslc,TRUE
TRUE,away,away,TRUE
FALSE,investig,investing,FALSE
FALSE,aviat,avian,FALSE
TRUE,vane,vane,TRUE
TRUE,extent,extent,TRUE
TRUE,hole,hole,TRUE
TRUE,streak,streak,TRUE
FALSE,supv,sup,FALSE
TRUE,phone,phone,TRUE
TRUE,cancel,cancel,TRUE
TRUE,rabbit,rabbit,TRUE
TRUE,spoke,spoke,TRUE
TRUE,egret,egret,TRUE
TRUE,bang,bang,TRUE
FALSE,horizont,horizon,FALSE
FALSE,eni,eni,TRUE
TRUE,shut,shut,TRUE
FALSE,didnt,didnt,TRUE
TRUE,case,case,TRUE
FALSE,seagul,seagull,FALSE
TRUE,jet,jet,TRUE
TRUE,outer,outer,TRUE
TRUE,trail,trail,TRUE
TRUE,rout,rout,TRUE
TRUE,obtain,obtain,TRUE
FALSE,katl,katl,TRUE
FALSE,eagl,eagle,FALSE
FALSE,numer,number,FALSE
TRUE,past,past,TRUE
TRUE,divert,divert,TRUE
TRUE,stage,stage,TRUE
FALSE,aay,say,FALSE
TRUE,reg,reg,TRUE
TRUE,fresh,fresh,TRUE
FALSE,duti,duty,FALSE
FALSE,rwyr,rwyr,TRUE
TRUE,think,think,TRUE
TRUE,common,common,TRUE
TRUE,get,get,TRUE
FALSE,jfk,JFK,TRUE
FALSE,smudg,smudg,TRUE
FALSE,involv,involve,FALSE
FALSE,european,European,TRUE
FALSE,rwyl,rwyl,TRUE
FALSE,separ,spear,FALSE
TRUE,hand,hand,TRUE
TRUE,tech,tech,TRUE
FALSE,verifi,verify,FALSE
TRUE,fox,fox,TRUE
FALSE,fdx,fdx,TRUE
FALSE,ksea,ksea,TRUE
FALSE,femal,female,FALSE
TRUE,set,set,TRUE
FALSE,deptd,departed,FALSE
TRUE,radar,radar,TRUE
TRUE,match,match,TRUE
FALSE,anyth,anything,FALSE
TRUE,propel,propel,TRUE
FALSE,llc,llc,TRUE
FALSE,littl,little,FALSE
TRUE,way,way,TRUE
TRUE,suggest,suggest,TRUE
TRUE,stripe,stripe,TRUE
TRUE,low,low,TRUE
TRUE,regular,regular,TRUE
TRUE,deep,deep,TRUE
TRUE,record,record,TRUE
FALSE,unconfirm,unconfirmed,FALSE
TRUE,slide,slide,TRUE
FALSE,substanti,substantial,FALSE
TRUE,might,might,TRUE
TRUE,plover,plover,TRUE
TRUE,stop,stop,TRUE
FALSE,ferri,ferri,TRUE
FALSE,klax,klax,TRUE
TRUE,four,four,TRUE
TRUE,reflect,reflect,TRUE
FALSE,sandpip,sandpip,TRUE
TRUE,proceed,proceed,TRUE
TRUE,ran,ran,TRUE
TRUE,blackbird,blackbird,TRUE
FALSE,dep,departed,FALSE
TRUE,put,put,TRUE
TRUE,long,long,TRUE
TRUE,cover,cover,TRUE
FALSE,unavail,unavail,TRUE
TRUE,open,open,TRUE
FALSE,kord,kord,TRUE
TRUE,tire,tire,TRUE
TRUE,affect,affect,TRUE
FALSE,sfo,sfo,TRUE
FALSE,precautionari,precautionary,FALSE
TRUE,lift,lift,TRUE
TRUE,onto,onto,TRUE
TRUE,turkey,turkey,TRUE
TRUE,insect,insect,TRUE
FALSE,twys,twas,FALSE
FALSE,ryr,rye,FALSE
TRUE,kill,kill,TRUE
FALSE,rhs,hrs,FALSE
TRUE,supervisor,supervisor,TRUE
FALSE,horiz,horizon,FALSE
TRUE,fire,fire,TRUE
FALSE,kpdx,KP,FALSE
TRUE,weather,weather,TRUE
TRUE,swept,swept,TRUE
TRUE,cliff,cliff,TRUE
FALSE,asa,ass,FALSE
FALSE,diagnost,diagnose,FALSE
TRUE,actual,actual,TRUE
TRUE,make,make,TRUE
TRUE,work,work,TRUE
TRUE,instrument,instrument,TRUE
FALSE,includ,include,FALSE
TRUE,intern,intern,TRUE
FALSE,nks,mks,FALSE
FALSE,compani,company,FALSE
TRUE,height,height,TRUE
TRUE,probe,probe,TRUE
TRUE,lost,lost,TRUE
TRUE,contract,contract,TRUE
TRUE,exact,exact,TRUE
TRUE,wind,wind,TRUE
TRUE,brake,brake,TRUE
TRUE,loss,loss,TRUE
FALSE,adz,ad,FALSE
FALSE,adjac,adj ac,FALSE
TRUE,overcast,overcast,TRUE
TRUE,mallard,mallard,TRUE
TRUE,bulletin,bulletin,TRUE
TRUE,amount,amount,TRUE
FALSE,aoa,aha,FALSE
FALSE,structur,structure,FALSE
FALSE,tri,tree,FALSE
FALSE,unk,ink,FALSE
FALSE,revi,rive,FALSE
FALSE,airfram,mainframe,FALSE
TRUE,feel,feel,TRUE
TRUE,new,new,TRUE
TRUE,detect,detect,TRUE
TRUE,descend,descend,TRUE
TRUE,rock,rock,TRUE
FALSE,experienc,experience,FALSE
TRUE,robin,robin,TRUE
TRUE,broke,broke,TRUE
FALSE,someth,so meth,FALSE
FALSE,fld,fl,FALSE
TRUE,start,start,TRUE
TRUE,obvious,obvious,TRUE
FALSE,rptd,rapt,FALSE
TRUE,met,met,TRUE
TRUE,even,even,TRUE
TRUE,elect,elect,TRUE
TRUE,send,send,TRUE
TRUE,tree,tree,TRUE
FALSE,mdw,mew,FALSE
TRUE,viz,viz,TRUE
TRUE,transport,transport,TRUE
TRUE,staff,staff,TRUE
FALSE,massport,passport,FALSE
FALSE,jetblu,bluet,FALSE
TRUE,seem,seem,TRUE
TRUE,level,level,TRUE
FALSE,associ,assoc,FALSE
FALSE,passeng,passing,FALSE
TRUE,est,est,TRUE
TRUE,snow,snow,TRUE
FALSE,leav,veal,FALSE
FALSE,obsvd,observed,FALSE
TRUE,gray,gray,TRUE
TRUE,toward,toward,TRUE
TRUE,overnight,overnight,TRUE
TRUE,scene,scene,TRUE
TRUE,knot,knot,TRUE
FALSE,kmem,km em,FALSE
TRUE,zone,zone,TRUE
TRUE,sea,sea,TRUE
FALSE,facil,fail,FALSE
TRUE,gut,gut,TRUE
FALSE,usg,us,FALSE
FALSE,helicopt,helicopter,FALSE
FALSE,subsequ,subsequent,FALSE
TRUE,attempt,attempt,TRUE
FALSE,phl,fl,FALSE
FALSE,airborn,airborne,FALSE
FALSE,ryl,rye,FALSE
TRUE,medic,medic,TRUE
TRUE,stall,stall,TRUE
FALSE,cfr,cf,FALSE
TRUE,lip,lip,TRUE
TRUE,blast,blast,TRUE
FALSE,slc,sec,FALSE
FALSE,updat,update,FALSE
FALSE,pdt,PDT,TRUE
FALSE,frwd,fwd,FALSE
FALSE,mani,main,FALSE
TRUE,bar,bar,TRUE
TRUE,liftoff,liftoff,TRUE
TRUE,herring,herring,TRUE
TRUE,remnant,remnant,TRUE
FALSE,manag,manga,FALSE
FALSE,ownerop,owner op,FALSE
FALSE,freetail,free tail,FALSE
TRUE,less,less,TRUE
TRUE,earlier,earlier,TRUE
FALSE,airplan,airplane,FALSE
TRUE,reach,reach,TRUE
TRUE,cut,cut,TRUE
TRUE,total,total,TRUE
TRUE,instruct,instruct,TRUE
TRUE,inc,inc,TRUE
TRUE,burn,burn,TRUE
FALSE,immatur,immature,FALSE
FALSE,kjfk,JFK,FALSE
TRUE,review,review,TRUE
TRUE,color,color,TRUE
TRUE,mgr,mgr,TRUE
FALSE,precaut,precast,FALSE
FALSE,dmgd,DMD,FALSE
FALSE,assembl,assemble,FALSE
FALSE,passerin,passer in,FALSE
FALSE,mia,MIA,TRUE
TRUE,blue,blue,TRUE
TRUE,spinner,spinner,TRUE
FALSE,hospit,ho spit,FALSE
FALSE,fulli,full,FALSE
FALSE,phx,phi,FALSE
TRUE,got,got,TRUE
FALSE,oclock,clock,FALSE
TRUE,board,board,TRUE
FALSE,relea,re lea,FALSE
TRUE,fill,fill,TRUE
TRUE,scatter,scatter,TRUE
TRUE,falcon,falcon,TRUE
FALSE,onlin,online,FALSE
FALSE,dca,dc,FALSE
FALSE,middl,middle,FALSE
FALSE,grnd,grind,FALSE
FALSE,acn,can,FALSE
TRUE,mid,mid,TRUE
FALSE,rsw,raw,FALSE
FALSE,whmp,whip,FALSE
TRUE,reopen,reopen,TRUE
FALSE,lhs,ls,FALSE
FALSE,roc,orc,FALSE
FALSE,prec,rec,FALSE
TRUE,site,site,TRUE
FALSE,unplan,plan,FALSE
FALSE,decid,diced,FALSE
FALSE,edgelin,gelling,FALSE
TRUE,endeavor,endeavor,TRUE
TRUE,wash,wash,TRUE
TRUE,blow,blow,TRUE
FALSE,advisori,advisor,FALSE
TRUE,question,question,TRUE
FALSE,sdf,sf,FALSE
TRUE,midpoint,midpoint,TRUE
FALSE,coupl,coup,FALSE
FALSE,ringbil,ribbing,FALSE
FALSE,relat,relay,FALSE
TRUE,specialist,specialist,TRUE
TRUE,plan,plan,TRUE
FALSE,teb,bet,FALSE
TRUE,pad,pad,TRUE
TRUE,water,water,TRUE
TRUE,deck,deck,TRUE
FALSE,edv,ed,FALSE
FALSE,mayb,may,FALSE
TRUE,help,help,TRUE
TRUE,boot,boot,TRUE
FALSE,reqd,red,FALSE
FALSE,kbos,boss,FALSE
FALSE,ksfo,folksy,FALSE
TRUE,alpha,alpha,TRUE
FALSE,bounc,bounce,FALSE
FALSE,frequenc,frequency,FALSE
TRUE,pull,pull,TRUE
FALSE,retpd,retread,FALSE
TRUE,consist,consist,TRUE
FALSE,belli,bell,FALSE
TRUE,echo,echo,TRUE
FALSE,daytim,daytime,FALSE
TRUE,oil,oil,TRUE
TRUE,wrote,wrote,TRUE
TRUE,move,move,TRUE
TRUE,pylon,pylon,TRUE
FALSE,lodg,log,FALSE
TRUE,bravo,bravo,TRUE
FALSE,mexican,Mexican,TRUE
TRUE,warbler,warbler,TRUE
TRUE,bank,bank,TRUE
TRUE,male,male,TRUE
TRUE,antenna,antenna,TRUE
TRUE,comment,comment,TRUE
TRUE,pavement,pavement,TRUE
TRUE,pop,pop,TRUE
TRUE,seat,seat,TRUE
TRUE,book,book,TRUE
TRUE,complex,complex,TRUE
TRUE,week,week,TRUE
FALSE,hous,hos,FALSE
TRUE,bypass,bypass,TRUE
FALSE,iah,ah,FALSE
FALSE,turtl,turtle,FALSE
TRUE,ash,ash,TRUE
TRUE,rear,rear,TRUE
TRUE,attach,attach,TRUE
FALSE,cvg,cg,FALSE
FALSE,vfr,fr,FALSE
TRUE,heron,heron,TRUE
FALSE,fbo,fob,FALSE
TRUE,char,char,TRUE
FALSE,arfld,barfly,FALSE
FALSE,stl,st,FALSE
FALSE,crui,crew,FALSE
FALSE,coordin,coordinator,FALSE
TRUE,technician,technician,TRUE
FALSE,vertic,vertices,FALSE
FALSE,tracon,traction,FALSE
TRUE,track,track,TRUE
FALSE,aoc,soc,FALSE
TRUE,five,five,TRUE
FALSE,entir,inter,FALSE
TRUE,metal,metal,TRUE
TRUE,extend,extend,TRUE
TRUE,want,want,TRUE
TRUE,retract,retract,TRUE
TRUE,major,major,TRUE
FALSE,logbk,log bk,FALSE
TRUE,therefor,therefor,TRUE
TRUE,person,person,TRUE
TRUE,action,action,TRUE
FALSE,unusu,unusual,FALSE
FALSE,bwi,bi,FALSE
FALSE,mem,men,FALSE
TRUE,afternoon,afternoon,TRUE
TRUE,aircrew,aircrew,TRUE
TRUE,kit,kit,TRUE
FALSE,increa,increase,FALSE
TRUE,flash,flash,TRUE
TRUE,rest,rest,TRUE
TRUE,most,most,TRUE
FALSE,kmco,km co,FALSE
TRUE,beyond,beyond,TRUE
TRUE,email,email,TRUE
FALSE,mco,mo,FALSE
TRUE,stand,stand,TRUE
TRUE,station,station,TRUE
TRUE,underneath,underneath,TRUE
FALSE,rsa,rs,FALSE
TRUE,wingtip,wingtip,TRUE
FALSE,adver,aver,FALSE
TRUE,year,year,TRUE
TRUE,minim,minim,TRUE
FALSE,diamet,diameter,FALSE
FALSE,len,Len,TRUE
TRUE,ear,ear,TRUE
FALSE,grackl,grackle,FALSE
FALSE,rwys,rays,FALSE
FALSE,institut,institute,FALSE
FALSE,discoveri,discover,FALSE
TRUE,great,great,TRUE
TRUE,fog,fog,TRUE
TRUE,destroy,destroy,TRUE
FALSE,edt,EDT,TRUE
TRUE,enough,enough,TRUE
FALSE,pdx,pd,FALSE
TRUE,adult,adult,TRUE
TRUE,lot,lot,TRUE
TRUE,relay,relay,TRUE
TRUE,length,length,TRUE
FALSE,appch,apps,FALSE
FALSE,guid,good,FALSE
TRUE,golden,golden,TRUE
TRUE,whitehead,whitehead,TRUE
TRUE,began,began,TRUE
TRUE,buzzard,buzzard,TRUE
FALSE,ksmf,mks,FALSE
TRUE,lab,lab,TRUE
FALSE,msp,map,FALSE
FALSE,republ,republic,FALSE
FALSE,heavi,heave,FALSE
TRUE,old,old,TRUE
FALSE,notif,motif,FALSE
FALSE,amer,mare,FALSE
FALSE,revenu,revenue,FALSE
FALSE,kmci,MCI,FALSE
TRUE,equip,equip,TRUE
TRUE,order,order,TRUE
TRUE,yellow,yellow,TRUE
TRUE,hangar,hangar,TRUE
TRUE,pend,pend,TRUE
TRUE,wait,wait,TRUE
TRUE,shutdown,shutdown,TRUE
FALSE,iad,aid,FALSE
TRUE,lake,lake,TRUE
TRUE,nighthawk,nighthawk,TRUE
FALSE,potenti,potent,FALSE
FALSE,skywest,sky west,FALSE
TRUE,train,train,TRUE
TRUE,frame,frame,TRUE
TRUE,swift,swift,TRUE
TRUE,discard,discard,TRUE
FALSE,cattl,cattle,FALSE
TRUE,wide,wide,TRUE
TRUE,assess,assess,TRUE
TRUE,shift,shift,TRUE
FALSE,winglet,wiglet,FALSE
FALSE,mech,mete,FALSE
TRUE,sit,sit,TRUE
FALSE,properti,property,FALSE
TRUE,screen,screen,TRUE
TRUE,shatter,shatter,TRUE
TRUE,switch,switch,TRUE
TRUE,inner,inner,TRUE
FALSE,fedex,fed ex,FALSE
FALSE,kstl,stalk,FALSE
FALSE,passerinesongbird,NA,FALSE
TRUE,cooler,cooler,TRUE
TRUE,torn,torn,TRUE
FALSE,dtw,dew,FALSE
FALSE,unidentifi,unidentified,FALSE
FALSE,deic,deice,FALSE
FALSE,unreptd,unreported,FALSE
TRUE,foxtrot,foxtrot,TRUE
TRUE,crane,crane,TRUE
TRUE,block,block,TRUE
TRUE,except,except,TRUE
FALSE,manu,many,FALSE
FALSE,outbd,outbid,FALSE
TRUE,sight,sight,TRUE
FALSE,fll,fl,FALSE
TRUE,apart,apart,TRUE
FALSE,san,San,TRUE
FALSE,aliv,alive,FALSE
TRUE,patient,patient,TRUE
TRUE,big,big,TRUE
TRUE,can,can,TRUE
FALSE,qxe,exec,FALSE
TRUE,smith,smith,TRUE
FALSE,describ,describe,FALSE
TRUE,avg,avg,TRUE
TRUE,adj,adj,TRUE
FALSE,viabl,vial,FALSE
TRUE,write,write,TRUE
FALSE,disper,diaper,FALSE
TRUE,thrust,thrust,TRUE
FALSE,vib,bib,FALSE
FALSE,airsp,airs,FALSE
FALSE,examin,examine,FALSE
FALSE,ifr,fir,FALSE
TRUE,wipe,wipe,TRUE
FALSE,stator,stater,FALSE
TRUE,wit,wit,TRUE
TRUE,gone,gone,TRUE
TRUE,awe,awe,TRUE
TRUE,envoy,envoy,TRUE
FALSE,las,leis,FALSE
TRUE,far,far,TRUE
TRUE,trauma,trauma,TRUE
FALSE,hal,Hal,TRUE
FALSE,resum,serum,FALSE
TRUE,stab,stab,TRUE
FALSE,boroscop,horoscope,FALSE
FALSE,reduc,educ,FALSE
FALSE,circl,circle,FALSE
TRUE,vector,vector,TRUE
FALSE,ksat,sat,FALSE
TRUE,eyebrow,eyebrow,TRUE
FALSE,pacif,pacify,FALSE
TRUE,mention,mention,TRUE
TRUE,kind,kind,TRUE
FALSE,rescu,rescue,FALSE
FALSE,smf,sf,FALSE
TRUE,micro,micro,TRUE
TRUE,exhaust,exhaust,TRUE
FALSE,idl,isl,FALSE
TRUE,good,good,TRUE
FALSE,averag,average,FALSE
FALSE,kmia,umiak,FALSE
TRUE,aim,aim,TRUE
TRUE,dist,dist,TRUE
FALSE,rdu,rd,FALSE
TRUE,must,must,TRUE
TRUE,patrol,patrol,TRUE
TRUE,tell,tell,TRUE
TRUE,temp,temp,TRUE
TRUE,tag,tag,TRUE
FALSE,wss,was,FALSE
TRUE,elev,elev,TRUE
FALSE,secur,secure,FALSE
FALSE,khou,thou,FALSE
TRUE,late,late,TRUE
FALSE,inspct,inspect,FALSE
TRUE,scratch,scratch,TRUE
FALSE,penetr,penetrate,FALSE
TRUE,group,group,TRUE
TRUE,recent,recent,TRUE
TRUE,bald,bald,TRUE
FALSE,cour,coir,FALSE
TRUE,month,month,TRUE
FALSE,somewh,somewhat,FALSE
FALSE,canopi,canopy,FALSE
TRUE,hotel,hotel,TRUE
TRUE,sheet,sheet,TRUE
FALSE,aus,as,FALSE
TRUE,northern,northern,TRUE
FALSE,fft,ff,FALSE
FALSE,wasnt,wast,FALSE
FALSE,rever,ever,FALSE
FALSE,awi,aw,FALSE
TRUE,static,static,TRUE
TRUE,fix,fix,TRUE
FALSE,counti,count,FALSE
FALSE,boe,bu,FALSE
TRUE,gather,gather,TRUE
FALSE,unconf,unconfined,FALSE
TRUE,deflect,deflect,TRUE
FALSE,practic,practice,FALSE
FALSE,exten,extent,FALSE
TRUE,tank,tank,TRUE
FALSE,pressur,pressure,FALSE
TRUE,test,test,TRUE
TRUE,gave,gave,TRUE
TRUE,although,although,TRUE
TRUE,caught,caught,TRUE
FALSE,repli,reply,FALSE
TRUE,chip,chip,TRUE
TRUE,radio,radio,TRUE
TRUE,smoke,smoke,TRUE
FALSE,kphl,kohl,FALSE
TRUE,current,current,TRUE
FALSE,precip,precis,FALSE
TRUE,golf,golf,TRUE
FALSE,nondamag,magnon,FALSE
TRUE,chin,chin,TRUE
TRUE,osprey,osprey,TRUE
FALSE,alaska,Alaska,TRUE
FALSE,taxii,taxi,FALSE
TRUE,hard,hard,TRUE
TRUE,written,written,TRUE
TRUE,member,member,TRUE
TRUE,sat,sat,TRUE
TRUE,talk,talk,TRUE
FALSE,kaus,auks,FALSE
FALSE,correl,sorrel,FALSE
FALSE,maneuv,maneuver,FALSE
FALSE,pictur,picture,FALSE
TRUE,flown,flown,TRUE
TRUE,push,push,TRUE
TRUE,list,list,TRUE
TRUE,incorrect,incorrect,TRUE
TRUE,labor,labor,TRUE
TRUE,similar,similar,TRUE
FALSE,hse,she,FALSE
TRUE,neither,neither,TRUE
TRUE,exterior,exterior,TRUE
TRUE,rough,rough,TRUE
TRUE,infield,infield,TRUE
FALSE,recal,real,FALSE
TRUE,read,read,TRUE
FALSE,kbna,kana,FALSE
FALSE,cpz,cps,FALSE
TRUE,glass,glass,TRUE
FALSE,enrt,rent,FALSE
TRUE,employ,employ,TRUE
TRUE,box,box,TRUE
TRUE,halfway,halfway,TRUE
FALSE,ksdf,KS,FALSE
FALSE,doa,DOA,TRUE
FALSE,bloodi,blood,FALSE
TRUE,bay,bay,TRUE
FALSE,serv,derv,FALSE
TRUE,speak,speak,TRUE
TRUE,ahead,ahead,TRUE
FALSE,eva,ave,FALSE
TRUE,bump,bump,TRUE
TRUE,attend,attend,TRUE
TRUE,dive,dive,TRUE
TRUE,river,river,TRUE
FALSE,bubbl,bubble,FALSE
FALSE,aml,am,FALSE
FALSE,degr,deg,FALSE
TRUE,trace,trace,TRUE
TRUE,dome,dome,TRUE
FALSE,vor,cor,FALSE
FALSE,flightawar,straightaway,FALSE
TRUE,yet,yet,TRUE
TRUE,surround,surround,TRUE
TRUE,drop,drop,TRUE
FALSE,dont,font,FALSE
TRUE,concern,concern,TRUE
TRUE,rib,rib,TRUE
TRUE,midway,midway,TRUE
TRUE,await,await,TRUE
TRUE,much,much,TRUE
FALSE,kphx,kph,FALSE
FALSE,remaind,remains,FALSE
FALSE,discrep,disc rep,FALSE
FALSE,repr,rep,FALSE
FALSE,klit,kilt,FALSE
TRUE,postmark,postmark,TRUE
FALSE,damg,dang,FALSE
TRUE,view,view,TRUE
TRUE,suffer,suffer,TRUE
TRUE,tow,tow,TRUE
FALSE,mutil,multi,FALSE
FALSE,inpsn,snips,FALSE
FALSE,kiah,kith,FALSE
TRUE,student,student,TRUE
TRUE,slow,slow,TRUE
FALSE,kmsp,km,FALSE
FALSE,turbin,turbine,FALSE
FALSE,khpn,khan,FALSE
FALSE,fenc,fen,FALSE
TRUE,mail,mail,TRUE
FALSE,kiad,kid,FALSE
TRUE,bunt,bunt,TRUE
TRUE,search,search,TRUE
FALSE,famili,family,FALSE
TRUE,quick,quick,TRUE
TRUE,pack,pack,TRUE
TRUE,spirit,spirit,TRUE
TRUE,duct,duct,TRUE
FALSE,tpa,tap,FALSE
FALSE,’,e,FALSE
FALSE,evalu,value,FALSE
FALSE,pst,PST,TRUE
FALSE,bos,beaus,FALSE
TRUE,meet,meet,TRUE
TRUE,incur,incur,TRUE
FALSE,ntsb,lints,FALSE
TRUE,eye,eye,TRUE
FALSE,kdca,DMCA,FALSE
TRUE,give,give,TRUE
TRUE,almost,almost,TRUE
FALSE,ckd,ck,FALSE
TRUE,starboard,starboard,TRUE
FALSE,execut,execute,FALSE
TRUE,support,support,TRUE
TRUE,object,object,TRUE
TRUE,oak,oak,TRUE
TRUE,access,access,TRUE
TRUE,lite,lite,TRUE
TRUE,bad,bad,TRUE
TRUE,chimney,chimney,TRUE
TRUE,six,six,TRUE
FALSE,eja,ea,FALSE
FALSE,lft,flt,FALSE
FALSE,specifi,specif,FALSE
TRUE,etc,etc,TRUE
TRUE,carrier,carrier,TRUE
TRUE,subject,subject,TRUE
TRUE,vert,vert,TRUE
FALSE,nosewheel,nose wheel,FALSE
FALSE,polic,police,FALSE
FALSE,decapit,decapitate,FALSE
FALSE,mci,MCI,TRUE
TRUE,transfer,transfer,TRUE
TRUE,distinguish,distinguish,TRUE
FALSE,punctur,puncture,FALSE
TRUE,ind,ind,TRUE
FALSE,intl,int,FALSE
TRUE,sky,sky,TRUE
TRUE,haze,haze,TRUE
TRUE,proper,proper,TRUE
FALSE,stike,stoke,FALSE
FALSE,clsd,clad,FALSE
TRUE,waterfowl,waterfowl,TRUE
FALSE,goaround,go around,FALSE
TRUE,lbs,lbs,TRUE
TRUE,ring,ring,TRUE
TRUE,dog,dog,TRUE
FALSE,acoust,ac oust,FALSE
FALSE,necessari,necessary,FALSE
FALSE,handl,hand,FALSE
TRUE,third,third,TRUE
FALSE,kbwi,kiwi,FALSE
TRUE,though,though,TRUE
TRUE,truck,truck,TRUE
TRUE,finch,finch,TRUE
FALSE,egf,eff,FALSE
FALSE,midfld,midfield,FALSE
TRUE,cleanup,cleanup,TRUE
FALSE,peregrin,peregrine,FALSE
FALSE,hawaiian,Hawaiian,TRUE
TRUE,spec,spec,TRUE
FALSE,writeup,write up,FALSE
FALSE,databa,database,FALSE
FALSE,cago,ago,FALSE
TRUE,flow,flow,TRUE
FALSE,knowledg,knowledge,FALSE
FALSE,krsw,SWAK,FALSE
FALSE,reqstd,request,FALSE
FALSE,dme,me,FALSE
FALSE,mtx,mt,FALSE
TRUE,name,name,TRUE
FALSE,redw,red,FALSE
FALSE,flts,flt,FALSE
TRUE,physic,physic,TRUE
FALSE,kia,KIA,TRUE
TRUE,pair,pair,TRUE
TRUE,followup,followup,TRUE
FALSE,bna,ban,FALSE
FALSE,compart,compare,FALSE
TRUE,laugh,laugh,TRUE
FALSE,kpit,kit,FALSE
FALSE,extern,ex tern,FALSE
FALSE,recoveri,recover,FALSE
FALSE,klas,kolas,FALSE
TRUE,neck,neck,TRUE
FALSE,failur,failure,FALSE
TRUE,rep,rep,TRUE
TRUE,specimen,specimen,TRUE
FALSE,hou,ho,FALSE
TRUE,allow,allow,TRUE
TRUE,road,road,TRUE
FALSE,forc,for,FALSE
TRUE,island,island,TRUE
FALSE,emb,em,FALSE
FALSE,tcf,cf,FALSE
FALSE,ndn,non,FALSE
TRUE,strong,strong,TRUE
FALSE,grey,Grey,TRUE
FALSE,cycl,cycle,FALSE
TRUE,download,download,TRUE
FALSE,procedur,procedure,FALSE
FALSE,deplan,deplane,FALSE
TRUE,cargo,cargo,TRUE
FALSE,noseradom,nonrandom,FALSE
TRUE,upwind,upwind,TRUE
TRUE,airway,airway,TRUE
FALSE,clearview,clear view,FALSE
TRUE,pelican,pelican,TRUE
TRUE,whether,whether,TRUE
TRUE,thorough,thorough,TRUE
TRUE,matter,matter,TRUE
TRUE,guess,guess,TRUE
TRUE,begin,begin,TRUE
FALSE,agnt,ant,FALSE
FALSE,oct,cot,FALSE
FALSE,pre,per,FALSE
FALSE,hydraul,hydraulic,FALSE
TRUE,gulf,gulf,TRUE
FALSE,zulu,Zulu,TRUE
TRUE,bit,bit,TRUE
FALSE,kcle,kale,FALSE
TRUE,refer,refer,TRUE
TRUE,face,face,TRUE
FALSE,afd,fad,FALSE
FALSE,kdal,dale,FALSE
TRUE,kilo,kilo,TRUE
FALSE,fluctuat,fluctuate,FALSE
FALSE,realiz,realize,FALSE
TRUE,ice,ice,TRUE
TRUE,spatter,spatter,TRUE
FALSE,cano,can,FALSE
TRUE,swab,swab,TRUE
FALSE,abtd,abed,FALSE
TRUE,accomplish,accomplish,TRUE
TRUE,save,save,TRUE
FALSE,flycatch,fly catch,FALSE
FALSE,hnl,NHL,FALSE
FALSE,sometim,sometime,FALSE
TRUE,corp,corp,TRUE
FALSE,kmdw,km,FALSE
FALSE,savannah,Savannah,TRUE
TRUE,certain,certain,TRUE
FALSE,clearanc,clearance,FALSE
TRUE,split,split,TRUE
FALSE,mtc,mt,FALSE
TRUE,home,home,TRUE
FALSE,sjc,sec,FALSE
FALSE,cessna,Cessna,TRUE
FALSE,addtl,addle,FALSE
FALSE,passeriform,patisserie,FALSE
FALSE,utc,UTC,TRUE
TRUE,strip,strip,TRUE
TRUE,travel,travel,TRUE
FALSE,flg,fl,FALSE
FALSE,jax,ax,FALSE
TRUE,wake,wake,TRUE
FALSE,perimet,perimeter,FALSE
TRUE,martin,martin,TRUE
FALSE,delamin,melamine,FALSE
FALSE,cle,cl,FALSE
FALSE,kpvd,KP,FALSE
TRUE,splat,splat,TRUE
TRUE,gas,gas,TRUE
TRUE,instructor,instructor,TRUE
TRUE,mess,mess,TRUE
FALSE,ofcr,croft,FALSE
TRUE,spar,spar,TRUE
TRUE,paperwork,paperwork,TRUE
FALSE,atlanta,Atlanta,TRUE
TRUE,brought,brought,TRUE
FALSE,aprt,part,FALSE
TRUE,nick,nick,TRUE
FALSE,denver,Denver,TRUE
FALSE,intrsn,intrinsic,FALSE
FALSE,avm,av,FALSE
FALSE,aer,ear,FALSE
FALSE,vrd,rd,FALSE
FALSE,configur,configure,FALSE
TRUE,brief,brief,TRUE
FALSE,windhsld,windshield,FALSE
TRUE,liner,liner,TRUE
FALSE,kdtw,twink,FALSE
FALSE,phnl,phenol,FALSE
FALSE,nosecon,nosecone,FALSE
TRUE,fail,fail,TRUE
TRUE,fiberglass,fiberglass,TRUE
FALSE,moder,mode,FALSE
TRUE,moment,moment,TRUE
TRUE,other,other,TRUE
TRUE,cowbird,cowbird,TRUE
FALSE,vis,bis,FALSE
FALSE,lgr,lg,FALSE
TRUE,fall,fall,TRUE
FALSE,ksjc,JCS,FALSE
FALSE,gjs,gs,FALSE
TRUE,wound,wound,TRUE
FALSE,directori,director,FALSE
TRUE,tax,tax,TRUE
TRUE,fell,fell,TRUE
TRUE,tat,tat,TRUE
TRUE,blend,blend,TRUE
FALSE,gos,hos,FALSE
FALSE,kfll,kill,FALSE
FALSE,juliet,Juliet,TRUE
FALSE,roxi,xerox,FALSE
TRUE,ship,ship,TRUE
TRUE,now,now,TRUE
TRUE,sensor,sensor,TRUE
TRUE,heat,heat,TRUE
FALSE,ksan,sank,FALSE
FALSE,msn,man,FALSE
FALSE,lof,fol,FALSE
FALSE,obscur,obscure,FALSE
TRUE,yard,yard,TRUE
FALSE,communic,communicant,FALSE
TRUE,knew,knew,TRUE
FALSE,mlg,ml,FALSE
TRUE,green,green,TRUE
TRUE,jackrabbit,jackrabbit,TRUE
FALSE,midpt,midst,FALSE
TRUE,break,break,TRUE
TRUE,leak,leak,TRUE
FALSE,rcvd,RC,FALSE
TRUE,crush,crush,TRUE
TRUE,spread,spread,TRUE
TRUE,raptor,raptor,TRUE
TRUE,zebra,zebra,TRUE
FALSE,snowi,snow,FALSE
TRUE,team,team,TRUE
FALSE,synopsi,synopsis,FALSE
FALSE,becam,beam,FALSE
TRUE,throughout,throughout,TRUE
TRUE,tern,tern,TRUE
TRUE,monitor,monitor,TRUE
TRUE,expect,expect,TRUE
FALSE,hpc,hp,FALSE
TRUE,quad,quad,TRUE
FALSE,houston,Houston,TRUE
TRUE,raven,raven,TRUE
FALSE,advsd,advised,FALSE
FALSE,angl,angle,FALSE
TRUE,standard,standard,TRUE
TRUE,opossum,opossum,TRUE
TRUE,thrush,thrush,TRUE
FALSE,insp,nips,FALSE
TRUE,beneath,beneath,TRUE
TRUE,smaller,smaller,TRUE
TRUE,today,today,TRUE
TRUE,retain,retain,TRUE
TRUE,default,default,TRUE
TRUE,card,card,TRUE
FALSE,hundr,hundred,FALSE
TRUE,movement,movement,TRUE
TRUE,uncertain,uncertain,TRUE
TRUE,thousand,thousand,TRUE
FALSE,nosegear,nose gear,FALSE
TRUE,dump,dump,TRUE
TRUE,fund,fund,TRUE
TRUE,pro,pro,TRUE
TRUE,northeast,northeast,TRUE
TRUE,non,non,TRUE
TRUE,seal,seal,TRUE
FALSE,presum,presume,FALSE
TRUE,songbird,songbird,TRUE
FALSE,mangl,mangle,FALSE
TRUE,deform,deform,TRUE
TRUE,pit,pit,TRUE
TRUE,hing,hing,TRUE
TRUE,blown,blown,TRUE
TRUE,daylight,daylight,TRUE
FALSE,appli,apple,FALSE
TRUE,discuss,discuss,TRUE
FALSE,rbgu,guru,FALSE
FALSE,characterist,characteristic,FALSE
FALSE,airworthi,airworthy,FALSE
TRUE,bound,bound,TRUE
TRUE,feed,feed,TRUE
TRUE,contain,contain,TRUE
FALSE,consid,consed,FALSE
TRUE,fine,fine,TRUE
FALSE,txi,ti,FALSE
FALSE,perhap,perhaps,FALSE
FALSE,briefli,briefly,FALSE
FALSE,everyth,thievery,FALSE
FALSE,alway,away,FALSE
FALSE,aprox,approx,FALSE
TRUE,general,general,TRUE
TRUE,jack,jack,TRUE
FALSE,ric,cir,FALSE
FALSE,carca,circa,FALSE
FALSE,mdt,MDT,TRUE
FALSE,cdt,CDT,TRUE
TRUE,arm,arm,TRUE
TRUE,rudder,rudder,TRUE
FALSE,occurr,occur,FALSE
FALSE,btn,tn,FALSE
FALSE,kingbird,king bird,FALSE
FALSE,deptg,depth,FALSE
TRUE,mount,mount,TRUE
TRUE,chief,chief,TRUE
TRUE,fluid,fluid,TRUE
TRUE,interior,interior,TRUE
TRUE,idea,idea,TRUE
TRUE,airbus,airbus,TRUE
FALSE,jetpro,jet pro,FALSE
FALSE,messag,message,FALSE
TRUE,shown,shown,TRUE
FALSE,bloodfeath,bloodbath,FALSE
TRUE,cant,cant,TRUE
FALSE,respon,respond,FALSE
TRUE,hot,hot,TRUE
TRUE,vision,vision,TRUE
TRUE,soon,soon,TRUE
FALSE,appr,app,FALSE
TRUE,region,region,TRUE
TRUE,design,design,TRUE
TRUE,mesa,mesa,TRUE
FALSE,birdtrik,birdlike,FALSE
FALSE,dtg,deg,FALSE
FALSE,primari,primary,FALSE
FALSE,tdz,dz,FALSE
TRUE,wire,wire,TRUE
TRUE,death,death,TRUE
TRUE,rang,rang,TRUE
TRUE,construct,construct,TRUE
FALSE,mexico,Mexico,TRUE
FALSE,ndl,nil,FALSE
FALSE,vmc,vac,FALSE
FALSE,colelct,collect,FALSE
TRUE,wrong,wrong,TRUE
TRUE,hazard,hazard,TRUE
TRUE,suspend,suspend,TRUE
TRUE,mission,mission,TRUE
FALSE,chicago,Chicago,TRUE
FALSE,kbdl,KB,FALSE
FALSE,aom,aim,FALSE
FALSE,larus,lards,FALSE
FALSE,ema,ems,FALSE
FALSE,collap,collar,FALSE
TRUE,fish,fish,TRUE
TRUE,bug,bug,TRUE
FALSE,creat,crest,FALSE
TRUE,foul,foul,TRUE
FALSE,wedg,wed,FALSE
FALSE,juli,julienne,FALSE
FALSE,displac,displace,FALSE
FALSE,nua,nus,FALSE
FALSE,strikesdamag,strikebreaking,FALSE
FALSE,msi,ism,FALSE
TRUE,fact,fact,TRUE
TRUE,process,process,TRUE
FALSE,blacktail,blackmail,FALSE
TRUE,reason,reason,TRUE
FALSE,lima,limey,FALSE
FALSE,njb,nib,FALSE
TRUE,knock,knock,TRUE
FALSE,instal,install,FALSE
TRUE,beach,beach,TRUE
FALSE,telephon,telephone,FALSE
FALSE,measur,measure,FALSE
TRUE,turnoff,turnoff,TRUE
FALSE,ktpa,kt pa,FALSE
FALSE,stirk,skirt,FALSE
TRUE,document,document,TRUE
FALSE,duirng,during,FALSE
TRUE,public,public,TRUE
FALSE,submitt,submit,FALSE
FALSE,nnn,inn,FALSE
TRUE,yaw,yaw,TRUE
TRUE,freq,freq,TRUE
FALSE,audibl,audible,FALSE
TRUE,burnt,burnt,TRUE
FALSE,miami,Miami,TRUE
TRUE,prey,prey,TRUE
TRUE,snake,snake,TRUE
FALSE,radomeno,radiomen,FALSE
TRUE,flame,flame,TRUE
FALSE,fsdo,misdo,FALSE
TRUE,veer,veer,TRUE
TRUE,cap,cap,TRUE
TRUE,best,best,TRUE
FALSE,mult,milt,FALSE
TRUE,let,let,TRUE
FALSE,isnpn,isn't,FALSE
FALSE,birdstrk,birdseed,FALSE
FALSE,drs,rs,FALSE
FALSE,ide,IDE,TRUE
TRUE,lesser,lesser,TRUE
TRUE,flesh,flesh,TRUE
FALSE,colli,coll,FALSE
TRUE,spray,spray,TRUE
TRUE,express,express,TRUE
FALSE,mke,me,FALSE
TRUE,method,method,TRUE
TRUE,unclear,unclear,TRUE
FALSE,rmvd,rm,FALSE
FALSE,nwn,awn,FALSE
TRUE,period,period,TRUE
TRUE,stay,stay,TRUE
FALSE,unicom,uni com,FALSE
TRUE,overheard,overheard,TRUE
FALSE,kmdt,MDT,FALSE
TRUE,win,win,TRUE
TRUE,patch,patch,TRUE
FALSE,newark,Newark,TRUE
TRUE,fax,fax,TRUE
TRUE,raccoon,raccoon,TRUE
TRUE,zero,zero,TRUE
TRUE,district,district,TRUE
FALSE,cond,cons,FALSE
TRUE,fin,fin,TRUE
TRUE,bleed,bleed,TRUE
TRUE,mike,mike,TRUE
TRUE,broadcast,broadcast,TRUE
FALSE,kmsi,km,FALSE
TRUE,bulkhead,bulkhead,TRUE
TRUE,phoenix,phoenix,TRUE
FALSE,turbul,turbulent,FALSE
FALSE,buri,bur,FALSE
TRUE,larger,larger,TRUE
FALSE,overwt,overt,FALSE
TRUE,northwest,northwest,TRUE
TRUE,self,self,TRUE
TRUE,vesper,vesper,TRUE
TRUE,tear,tear,TRUE
TRUE,rivet,rivet,TRUE
TRUE,fragment,fragment,TRUE
TRUE,skid,skid,TRUE
TRUE,layer,layer,TRUE
TRUE,item,item,TRUE
TRUE,sudden,sudden,TRUE
TRUE,code,code,TRUE
TRUE,kept,kept,TRUE
TRUE,guard,guard,TRUE
FALSE,airspac,airspace,FALSE
TRUE,grid,grid,TRUE
FALSE,shingl,shingle,FALSE
FALSE,gaug,gag,FALSE
FALSE,cosmet,comet,FALSE
TRUE,young,young,TRUE
TRUE,aileron,aileron,TRUE
FALSE,throttl,throttle,FALSE
FALSE,commerci,commerce,FALSE
FALSE,purpl,purl,FALSE
FALSE,pbi,obi,FALSE
FALSE,seattl,seat,FALSE
FALSE,krdu,Urdu,FALSE
TRUE,wood,wood,TRUE
TRUE,hanger,hanger,TRUE
FALSE,secondari,secondary,FALSE
FALSE,amm,mam,FALSE
FALSE,sts,tits,FALSE
TRUE,transit,transit,TRUE
TRUE,wet,wet,TRUE
TRUE,held,held,TRUE
TRUE,wren,wren,TRUE
TRUE,worker,worker,TRUE
TRUE,john,john,TRUE
TRUE,rehab,rehab,TRUE
TRUE,swap,swap,TRUE
FALSE,koak,oak,FALSE
FALSE,betwn,between,FALSE
TRUE,helipad,helipad,TRUE
FALSE,kgeg,keg,FALSE
FALSE,ont,not,FALSE
FALSE,ktul,tulle,FALSE
FALSE,kont,knot,FALSE
TRUE,trigger,trigger,TRUE
FALSE,inflight,in flight,FALSE
TRUE,shield,shield,TRUE
TRUE,store,store,TRUE
FALSE,generat,genera,FALSE
FALSE,aca,ac,FALSE
TRUE,hatch,hatch,TRUE
FALSE,proxim,proximal,FALSE
TRUE,opt,opt,TRUE
FALSE,carri,cirri,FALSE
TRUE,greater,greater,TRUE
FALSE,coa,cos,FALSE
TRUE,hover,hover,TRUE
FALSE,brownhead,brown head,FALSE
FALSE,prepar,prepare,FALSE
FALSE,surg,surf,FALSE
TRUE,salt,salt,TRUE
TRUE,maintain,maintain,TRUE
TRUE,error,error,TRUE
TRUE,mean,mean,TRUE
TRUE,mac,mac,TRUE
FALSE,amc,mac,FALSE
TRUE,planner,planner,TRUE
TRUE,command,command,TRUE
FALSE,illumin,illumine,FALSE
TRUE,straight,straight,TRUE
FALSE,oma,oms,FALSE
TRUE,app,app,TRUE
FALSE,perman,penman,FALSE
FALSE,hpn,hon,FALSE
FALSE,sna,ans,FALSE
TRUE,bill,bill,TRUE
FALSE,submiss,submits,FALSE
TRUE,southeast,southeast,TRUE
FALSE,ntoe,note,FALSE
FALSE,goe,foe,FALSE
FALSE,plexiglass,glassiness,FALSE
FALSE,cmh,chm,FALSE
FALSE,reamin,remain,FALSE
TRUE,steer,steer,TRUE
FALSE,prece,crepe,FALSE
FALSE,accid,acid,FALSE
FALSE,nsw,new,FALSE
TRUE,live,live,TRUE
TRUE,univ,univ,TRUE
TRUE,lay,lay,TRUE
FALSE,hazi,haze,FALSE
TRUE,pitch,pitch,TRUE
TRUE,attack,attack,TRUE
TRUE,statement,statement,TRUE
FALSE,foun,fun,FALSE
TRUE,rather,rather,TRUE
TRUE,soft,soft,TRUE
FALSE,dalla,calla,FALSE
TRUE,grebe,grebe,TRUE
FALSE,nearbi,nearby,FALSE
TRUE,mow,mow,TRUE
TRUE,lie,lie,TRUE
TRUE,defer,defer,TRUE
FALSE,acar,scar,FALSE
FALSE,charlott,harlot,FALSE
FALSE,nnw,new,FALSE
TRUE,connector,connector,TRUE
TRUE,neg,neg,TRUE
FALSE,extrem,extreme,FALSE
FALSE,boston,Boston,TRUE
FALSE,appx,app,FALSE
TRUE,scan,scan,TRUE
FALSE,repd,reps,FALSE
FALSE,standbi,standby,FALSE
TRUE,shroud,shroud,TRUE
FALSE,situat,situate,FALSE
TRUE,okay,okay,TRUE
FALSE,cabl,cab,FALSE
FALSE,imc,mic,FALSE
TRUE,drive,drive,TRUE
FALSE,papi,pap,FALSE
FALSE,sam,SAM,TRUE
TRUE,vent,vent,TRUE
TRUE,comm,comm,TRUE
TRUE,scare,scare,TRUE
FALSE,okc,kc,FALSE
FALSE,korf,fork,FALSE
TRUE,bone,bone,TRUE
FALSE,compli,comply,FALSE
FALSE,orf,fro,FALSE
TRUE,nearest,nearest,TRUE
FALSE,highsp,highs,FALSE
FALSE,ron,nor,FALSE
FALSE,kisp,kips,FALSE
FALSE,swainson,swain son,FALSE
TRUE,cottontail,cottontail,TRUE
FALSE,eurasian,Eurasian,TRUE
TRUE,caution,caution,TRUE
TRUE,southern,southern,TRUE
TRUE,loo,loo,TRUE
TRUE,plastic,plastic,TRUE
FALSE,intsn,lints,FALSE
FALSE,bkn,bk,FALSE
TRUE,crash,crash,TRUE
FALSE,strke,strike,FALSE
FALSE,auth,auto,FALSE
FALSE,california,California,TRUE
FALSE,birdstirk,birdseed,FALSE
TRUE,overhead,overhead,TRUE
FALSE,migrat,migrate,FALSE
TRUE,cool,cool,TRUE
FALSE,descript,descriptor,FALSE
FALSE,aug,Aug,TRUE
FALSE,kcvg,kc,FALSE
FALSE,kestral,kestrel,FALSE
FALSE,koma,korma,FALSE
TRUE,hybrid,hybrid,TRUE
FALSE,cas,sac,FALSE
TRUE,frontier,frontier,TRUE
FALSE,allegi,allege,FALSE
FALSE,xsight,sight,FALSE
TRUE,indent,indent,TRUE
TRUE,various,various,TRUE
FALSE,sandhil,sandhog,FALSE
FALSE,appropri,appropriate,FALSE
FALSE,futur,future,FALSE
FALSE,citat,stat,FALSE
FALSE,captur,capture,FALSE
TRUE,organ,organ,TRUE
TRUE,king,king,TRUE
FALSE,maa,mas,FALSE
FALSE,collid,collide,FALSE
FALSE,migratori,migratory,FALSE
TRUE,reject,reject,TRUE
FALSE,rtha,rt ha,FALSE
TRUE,breast,breast,TRUE
TRUE,coast,coast,TRUE
TRUE,paper,paper,TRUE
TRUE,noon,noon,TRUE
TRUE,dab,dab,TRUE
TRUE,midnight,midnight,TRUE
FALSE,prairi,prairie,FALSE
TRUE,trust,trust,TRUE
TRUE,perch,perch,TRUE
FALSE,kjax,Ajax,FALSE
FALSE,selfinspect,self inspect,FALSE
TRUE,claim,claim,TRUE
TRUE,interrupt,interrupt,TRUE
TRUE,span,span,TRUE
TRUE,higher,higher,TRUE
TRUE,trip,trip,TRUE
FALSE,abq,ab,FALSE
TRUE,sun,sun,TRUE
TRUE,class,class,TRUE
FALSE,avion,avian,FALSE
TRUE,tape,tape,TRUE
TRUE,eat,eat,TRUE
FALSE,nat,ant,FALSE
FALSE,apprx,approx,FALSE
FALSE,ksfb,KS,FALSE
FALSE,bridg,brig,FALSE
FALSE,northsid,northward,FALSE
FALSE,kokc,kook,FALSE
FALSE,kcmh,kc,FALSE
FALSE,foundremain,found remain,FALSE
FALSE,ajk,ask,FALSE
TRUE,lea,lea,TRUE
TRUE,peel,peel,TRUE
TRUE,bend,bend,TRUE
TRUE,seven,seven,TRUE
FALSE,iln,in,FALSE
FALSE,shortear,shorter,FALSE
TRUE,chase,chase,TRUE
TRUE,die,die,TRUE
TRUE,mist,mist,TRUE
TRUE,flair,flair,TRUE
FALSE,deci,dice,FALSE
TRUE,closer,closer,TRUE
TRUE,model,model,TRUE
TRUE,plus,plus,TRUE
FALSE,kruger,Kruger,TRUE
TRUE,ten,ten,TRUE
TRUE,round,round,TRUE
FALSE,couldnt,couldn't,FALSE
FALSE,southsid,southbound,FALSE
FALSE,environ,environs,FALSE
TRUE,sweeper,sweeper,TRUE
FALSE,flm,fl,FALSE
FALSE,ksna,kana,FALSE
TRUE,hub,hub,TRUE
TRUE,quarter,quarter,TRUE
FALSE,softbal,softball,FALSE
TRUE,graze,graze,TRUE
FALSE,runup,sunup,FALSE
TRUE,burrow,burrow,TRUE
TRUE,heliport,heliport,TRUE
TRUE,checklist,checklist,TRUE
FALSE,mpa,map,FALSE
TRUE,onboard,onboard,TRUE
FALSE,insn,inns,FALSE
TRUE,upland,upland,TRUE
FALSE,moyr,moor,FALSE
TRUE,whitetail,whitetail,TRUE
TRUE,yield,yield,TRUE
FALSE,america,America,TRUE
TRUE,fatal,fatal,TRUE
FALSE,midspan,mid span,FALSE
TRUE,irregular,irregular,TRUE
FALSE,duplic,duplicity,FALSE
TRUE,prevent,prevent,TRUE
TRUE,nation,nation,TRUE
FALSE,nov,Nov,TRUE
TRUE,parallel,parallel,TRUE
TRUE,smash,smash,TRUE
TRUE,instead,instead,TRUE
TRUE,scope,scope,TRUE
FALSE,fractur,fracture,FALSE
FALSE,scott,Scott,TRUE
TRUE,ref,ref,TRUE
TRUE,song,song,TRUE
TRUE,assign,assign,TRUE
TRUE,eaten,eaten,TRUE
FALSE,otherwi,otherwise,FALSE
FALSE,kdsm,kinds,FALSE
TRUE,cedar,cedar,TRUE
FALSE,novemb,novene,FALSE
FALSE,experi,expire,FALSE
FALSE,opposit,opposite,FALSE
TRUE,longer,longer,TRUE
FALSE,deprtr,departed,FALSE
TRUE,conflict,conflict,TRUE
TRUE,frozen,frozen,TRUE
TRUE,connect,connect,TRUE
TRUE,overrun,overrun,TRUE
FALSE,westsid,westward,FALSE
TRUE,indict,indict,TRUE
TRUE,radial,radial,TRUE
FALSE,kdab,dab,FALSE
FALSE,kbhm,KB,FALSE
FALSE,dupl,duple,FALSE
TRUE,rose,rose,TRUE
FALSE,nav,van,FALSE
FALSE,pertin,pertain,FALSE
FALSE,cormor,corm or,FALSE
TRUE,difficult,difficult,TRUE
FALSE,kabe,bake,FALSE
TRUE,fowl,fowl,TRUE
FALSE,jose,Jose,TRUE
TRUE,floor,floor,TRUE
TRUE,stick,stick,TRUE
FALSE,anomali,anomaly,FALSE
FALSE,nashvil,nastily,FALSE
TRUE,constant,constant,TRUE
FALSE,iht,hit,FALSE
TRUE,euro,euro,TRUE
FALSE,woi,woo,FALSE
FALSE,kric,rick,FALSE
FALSE,kbtv,KB,FALSE
FALSE,rmp,rpm,FALSE
TRUE,blur,blur,TRUE
TRUE,blank,blank,TRUE
TRUE,ever,ever,TRUE
TRUE,minimum,minimum,TRUE
FALSE,definit,definite,FALSE
FALSE,transmiss,transmits,FALSE
FALSE,unlik,unlike,FALSE
TRUE,platform,platform,TRUE
FALSE,orlando,Orlando,TRUE
FALSE,kteb,tektite,FALSE
TRUE,march,march,TRUE
FALSE,mgmt,mg mt,FALSE
FALSE,ang,nag,FALSE
TRUE,electron,electron,TRUE
TRUE,cat,cat,TRUE
FALSE,kchs,conchs,FALSE
TRUE,nae,nae,TRUE
TRUE,groundhog,groundhog,TRUE
TRUE,serious,serious,TRUE
TRUE,teal,teal,TRUE
FALSE,sct,act,FALSE
FALSE,nighttim,nighttime,FALSE
FALSE,babi,bani,FALSE
TRUE,ctr,ctr,TRUE
FALSE,washington,Washington,TRUE
FALSE,polici,police,FALSE
FALSE,reloc,relic,FALSE
TRUE,detector,detector,TRUE
FALSE,kbur,bur,FALSE
FALSE,incom,income,FALSE
FALSE,genx,gen,FALSE
FALSE,nuw,nu,FALSE
FALSE,expressjet,express jet,FALSE
TRUE,apt,apt,TRUE
TRUE,survey,survey,TRUE
FALSE,ryw,rye,FALSE
TRUE,roof,roof,TRUE
FALSE,purpo,purport,FALSE
FALSE,compon,compo,FALSE
TRUE,consult,consult,TRUE
FALSE,egt,get,FALSE
TRUE,care,care,TRUE
TRUE,manual,manual,TRUE
TRUE,watch,watch,TRUE
TRUE,dozen,dozen,TRUE
FALSE,deliv,devil,FALSE
TRUE,spoiler,spoiler,TRUE
FALSE,delcar,eldercare,FALSE
FALSE,reciev,recipe,FALSE
TRUE,horizon,horizon,TRUE
TRUE,bittern,bittern,TRUE
FALSE,lndg,LNG,FALSE
TRUE,format,format,TRUE
TRUE,scrape,scrape,TRUE
TRUE,cold,cold,TRUE
TRUE,compass,compass,TRUE
FALSE,june,June,TRUE
FALSE,wre,ere,FALSE
TRUE,grand,grand,TRUE
FALSE,bir,beer,FALSE
FALSE,nto,not,FALSE
TRUE,stiff,stiff,TRUE
FALSE,bdl,dbl,FALSE
FALSE,euthan,euthanize,FALSE
TRUE,mockingbird,mockingbird,TRUE
FALSE,unkown,unknown,FALSE
FALSE,sfb,sf,FALSE
FALSE,makemodel,make model,FALSE
FALSE,dirti,dirt,FALSE
FALSE,visabl,visa bl,FALSE
TRUE,inspector,inspector,TRUE
TRUE,scuff,scuff,TRUE
TRUE,rip,rip,TRUE
FALSE,iaw,aw,FALSE
TRUE,glide,glide,TRUE
FALSE,smlmed,smelled,FALSE
FALSE,dsm,dam,FALSE
TRUE,page,page,TRUE
FALSE,franklin,Franklin,TRUE
FALSE,jan,Jan,TRUE
FALSE,sept,pest,FALSE
TRUE,lack,lack,TRUE
FALSE,herg,her,FALSE
FALSE,unrel,unreel,FALSE
FALSE,sched,steed,FALSE
TRUE,sob,sob,TRUE
FALSE,michael,Michael,TRUE
TRUE,yank,yank,TRUE
TRUE,expo,expo,TRUE
FALSE,oncom,noncom,FALSE
TRUE,didn’t,didn’t,TRUE
TRUE,papa,papa,TRUE
FALSE,injest,inject,FALSE
TRUE,crosswind,crosswind,TRUE
FALSE,conclud,conclude,FALSE
TRUE,flat,flat,TRUE
FALSE,pretti,pretty,FALSE
TRUE,news,news,TRUE
FALSE,shuttl,shuttle,FALSE
TRUE,car,car,TRUE
FALSE,tini,tin,FALSE
TRUE,function,function,TRUE
TRUE,deploy,deploy,TRUE
TRUE,winter,winter,TRUE
TRUE,harass,harass,TRUE
FALSE,readi,read,FALSE
FALSE,eastsid,seaside,FALSE
FALSE,inquir,inquire,FALSE
FALSE,jett,jet,FALSE
FALSE,uca,ca,FALSE
FALSE,wcaa,YWCA,FALSE
FALSE,netjet,net jet,FALSE
TRUE,pane,pane,TRUE
FALSE,sparrowlik,sparrowhawk,FALSE
FALSE,entrail,entail,FALSE
FALSE,detroit,Detroit,TRUE
TRUE,twice,twice,TRUE
TRUE,pheasant,pheasant,TRUE
FALSE,april,April,TRUE
FALSE,landlin,landline,FALSE
TRUE,beak,beak,TRUE
TRUE,status,status,TRUE
TRUE,success,success,TRUE
FALSE,bhm,ohm,FALSE
TRUE,react,react,TRUE
TRUE,bracket,bracket,TRUE
TRUE,bare,bare,TRUE
TRUE,tact,tact,TRUE
FALSE,reprot,report,FALSE
FALSE,aircraftfound,aircraft found,FALSE
FALSE,usa,USA,TRUE
TRUE,clog,clog,TRUE
FALSE,baggag,baggage,FALSE
FALSE,becom,become,FALSE
FALSE,wingroot,wing root,FALSE
FALSE,rnwi,rewind,FALSE
FALSE,accel,accede,FALSE
FALSE,offshor,offshore,FALSE
TRUE,custom,custom,TRUE
TRUE,thrown,thrown,TRUE
FALSE,txwi,twixt,FALSE
TRUE,attract,attract,TRUE
TRUE,charter,charter,TRUE
FALSE,gso,gs,FALSE
TRUE,lane,lane,TRUE
TRUE,deem,deem,TRUE
TRUE,refuel,refuel,TRUE
TRUE,skylark,skylark,TRUE
TRUE,decent,decent,TRUE
FALSE,wldf,wildfowl,FALSE
TRUE,strobe,strobe,TRUE
FALSE,req,re,FALSE
TRUE,flush,flush,TRUE
TRUE,verbal,verbal,TRUE
FALSE,tul,tool,FALSE
TRUE,lit,lit,TRUE
FALSE,myr,my,FALSE
TRUE,central,central,TRUE
TRUE,afterward,afterward,TRUE
TRUE,slope,slope,TRUE
TRUE,max,max,TRUE
FALSE,boi,obi,FALSE
TRUE,clip,clip,TRUE
FALSE,grassi,grass,FALSE
FALSE,foound,found,FALSE
FALSE,sdie,side,FALSE
FALSE,anywh,anywhere,FALSE
TRUE,contractor,contractor,TRUE
FALSE,kbuf,buff,FALSE
TRUE,sierra,sierra,TRUE
FALSE,cks,ck,FALSE
TRUE,pct,pct,TRUE
FALSE,derek,Derek,TRUE
FALSE,undamag,undamaged,FALSE
TRUE,race,race,TRUE
TRUE,trim,trim,TRUE
FALSE,gsp,gap,FALSE
TRUE,unseen,unseen,TRUE
TRUE,load,load,TRUE
TRUE,myna,myna,TRUE
FALSE,hudson,Hudson,TRUE
FALSE,lacer,laxer,FALSE
TRUE,shorebird,shorebird,TRUE
FALSE,faf,fad,FALSE
FALSE,seper,seer,FALSE
FALSE,btwi,BTW,FALSE
TRUE,finish,finish,TRUE
TRUE,rag,rag,TRUE
TRUE,sector,sector,TRUE
FALSE,predat,predate,FALSE
FALSE,natur,nature,FALSE
TRUE,barrier,barrier,TRUE
FALSE,psa,spa,FALSE
FALSE,trs,yrs,FALSE
FALSE,kmke,kike,FALSE
FALSE,kalb,balk,FALSE
FALSE,songbirdpasserin,NA,FALSE
FALSE,rai,rain,FALSE
TRUE,cave,cave,TRUE
FALSE,tim,chm,FALSE
TRUE,factor,factor,TRUE
FALSE,glimp,gimp,FALSE
TRUE,suck,suck,TRUE
FALSE,peopl,people,FALSE
TRUE,letter,letter,TRUE
FALSE,david,David,TRUE
TRUE,rise,rise,TRUE
TRUE,fort,fort,TRUE
FALSE,agr,gar,FALSE
TRUE,label,label,TRUE
FALSE,ana,Ana,TRUE
TRUE,permit,permit,TRUE
TRUE,kelp,kelp,TRUE
TRUE,possum,possum,TRUE
FALSE,reposit,deposit,FALSE
FALSE,kpbi,bilk,FALSE
TRUE,snap,snap,TRUE
FALSE,downtim,downtime,FALSE
TRUE,palm,palm,TRUE
FALSE,kabq,kabuki,FALSE
FALSE,signatur,signature,FALSE
FALSE,naw,wan,FALSE
FALSE,kavl,kale,FALSE
FALSE,condict,conduct,FALSE
FALSE,colbert,Colbert,TRUE
FALSE,busi,bus,FALSE
FALSE,compri,comprise,FALSE
TRUE,progress,progress,TRUE
FALSE,presenc,presence,FALSE
FALSE,mannikin,manikin,FALSE
TRUE,shore,shore,TRUE
FALSE,andor,candor,FALSE
FALSE,difficulti,difficult,FALSE
FALSE,anc,an,FALSE
FALSE,privat,private,FALSE
TRUE,segment,segment,TRUE
FALSE,honolulu,Honolulu,TRUE
TRUE,protect,protect,TRUE
FALSE,everi,ever,FALSE
FALSE,thereaft,thereat,FALSE
TRUE,exam,exam,TRUE
TRUE,pedal,pedal,TRUE
TRUE,asphalt,asphalt,TRUE
FALSE,panynj,pansy,FALSE
TRUE,romeo,romeo,TRUE
FALSE,rnav,RNA,FALSE
FALSE,wingrotor,wing rotor,FALSE
FALSE,cptn,ctn,FALSE
FALSE,goaa,goat,FALSE
FALSE,csd,cad,FALSE
TRUE,shape,shape,TRUE
TRUE,hair,hair,TRUE
TRUE,ball,ball,TRUE
TRUE,aux,aux,TRUE
TRUE,intend,intend,TRUE
FALSE,windshdl,windshield,FALSE
TRUE,instant,instant,TRUE
FALSE,baseb,babes,FALSE
TRUE,quit,quit,TRUE
FALSE,atlant,aslant,FALSE
TRUE,excess,excess,TRUE
FALSE,loui,lour,FALSE
TRUE,bur,bur,TRUE
TRUE,option,option,TRUE
FALSE,strick,struck,FALSE
FALSE,deviat,deviate,FALSE
TRUE,million,million,TRUE
TRUE,depth,depth,TRUE
FALSE,unspecifi,unspecific,FALSE
TRUE,apron,apron,TRUE
FALSE,declin,decline,FALSE
FALSE,pilto,pilot,FALSE
FALSE,mnaa,naan,FALSE
FALSE,parti,parch,FALSE
TRUE,formula,formula,TRUE
FALSE,notfi,notifier,FALSE
FALSE,mwaa,warm,FALSE
FALSE,nvgs,nags,FALSE
FALSE,kpae,pupae,FALSE
FALSE,mokulel,ukulele,FALSE
FALSE,rsc,rs,FALSE
FALSE,deprt,dept,FALSE
TRUE,obstruct,obstruct,TRUE
TRUE,bullet,bullet,TRUE
FALSE,portland,Portland,TRUE
FALSE,inop,in op,FALSE
FALSE,doesnt,doesn't,FALSE
FALSE,valv,val,FALSE
TRUE,filter,filter,TRUE
TRUE,stream,stream,TRUE
TRUE,answer,answer,TRUE
TRUE,count,count,TRUE
FALSE,tampa,Tampa,TRUE
FALSE,afb,AFB,TRUE
TRUE,publish,publish,TRUE
FALSE,helo,hole,FALSE
TRUE,usual,usual,TRUE
TRUE,school,school,TRUE
FALSE,nlg,lg,FALSE
FALSE,composit,compost,FALSE
TRUE,disappear,disappear,TRUE
TRUE,spring,spring,TRUE
TRUE,boom,boom,TRUE
FALSE,william,William,TRUE
TRUE,fro,fro,TRUE
TRUE,handler,handler,TRUE
FALSE,temporarili,temporarily,FALSE
TRUE,valid,valid,TRUE
TRUE,intent,intent,TRUE
FALSE,mobil,Mobil,TRUE
TRUE,thunk,thunk,TRUE
FALSE,steve,Steve,TRUE
TRUE,free,free,TRUE
FALSE,announc,announce,FALSE
FALSE,holdbar,hold bar,FALSE
TRUE,tango,tango,TRUE
FALSE,waxw,wax,FALSE
FALSE,captain’,captain,FALSE
FALSE,rddl,riddle,FALSE
FALSE,amf,am,FALSE
TRUE,hang,hang,TRUE
TRUE,restrict,restrict,TRUE
TRUE,tore,tore,TRUE
FALSE,momentari,momentary,FALSE
FALSE,devic,device,FALSE
TRUE,ant,ant,TRUE
TRUE,plug,plug,TRUE
FALSE,copi,cop,FALSE
FALSE,nwa,awn,FALSE
TRUE,prelim,prelim,TRUE
TRUE,shear,shear,TRUE
FALSE,robert,Robert,TRUE
TRUE,int,int,TRUE
FALSE,gulfstream,gulf stream,FALSE
TRUE,closest,closest,TRUE
FALSE,crw,cw,FALSE
FALSE,nca,ca,FALSE
TRUE,latch,latch,TRUE
TRUE,star,star,TRUE
FALSE,bernhardt,Bernhardt,TRUE
TRUE,midday,midday,TRUE
FALSE,bridstrik,strikebound,FALSE
TRUE,nod,nod,TRUE
FALSE,fcir,fir,FALSE
FALSE,zonotrichia,trichinosis,FALSE
FALSE,shortfin,short fin,FALSE
FALSE,krueger,reneger,FALSE
FALSE,damageflt,damage flt,FALSE
TRUE,seam,seam,TRUE
TRUE,pod,pod,TRUE
FALSE,cst,CST,TRUE
TRUE,till,till,TRUE
FALSE,cfi,cf,FALSE
FALSE,ensur,ensue,FALSE
TRUE,fist,fist,TRUE
TRUE,harrier,harrier,TRUE
FALSE,thruout,thru out,FALSE
TRUE,ago,ago,TRUE
TRUE,vortex,vortex,TRUE
TRUE,alb,alb,TRUE
FALSE,offici,office,FALSE
FALSE,reman,remain,FALSE
TRUE,bid,bid,TRUE
TRUE,torso,torso,TRUE
FALSE,wng,wing,FALSE
TRUE,admin,admin,TRUE
TRUE,mammal,mammal,TRUE
FALSE,keug,keg,FALSE
FALSE,modo,mood,FALSE
FALSE,merlin,Merlin,TRUE
TRUE,cooper,cooper,TRUE
FALSE,cae,ace,FALSE
TRUE,supplement,supplement,TRUE
FALSE,kavp,kappa,FALSE
FALSE,scissortail,scissor tail,FALSE
FALSE,ntfyd,identify,FALSE
FALSE,ualb,alb,FALSE
FALSE,chs,ks,FALSE
FALSE,messi,mess,FALSE
FALSE,individu,individual,FALSE
TRUE,sec,sec,TRUE
TRUE,prompt,prompt,TRUE
TRUE,shop,shop,TRUE
TRUE,catbird,catbird,TRUE
FALSE,kildeer,killdeer,FALSE
TRUE,chose,chose,TRUE
TRUE,helmet,helmet,TRUE
TRUE,bore,bore,TRUE
TRUE,nus,nus,TRUE
FALSE,ambul,album,FALSE
TRUE,weight,weight,TRUE
FALSE,autopsi,autopsy,FALSE
FALSE,semipalm,semi palm,FALSE
TRUE,chest,chest,TRUE
TRUE,wall,wall,TRUE
FALSE,birstrik,airstrike,FALSE
TRUE,talon,talon,TRUE
FALSE,eptd,dept,FALSE
FALSE,amk,am,FALSE
FALSE,khsv,ankhs,FALSE
TRUE,swipe,swipe,TRUE
FALSE,rwyc,screwy,FALSE
FALSE,mdad,mad,FALSE
FALSE,ntfd,dent,FALSE
FALSE,cda,cad,FALSE
FALSE,wndshld,windshield,FALSE
FALSE,stabl,stab,FALSE
TRUE,bulb,bulb,TRUE
TRUE,prob,prob,TRUE
TRUE,led,led,TRUE
TRUE,overweight,overweight,TRUE
TRUE,wingspan,wingspan,TRUE
FALSE,pvd,pd,FALSE
TRUE,pickup,pickup,TRUE
TRUE,rod,rod,TRUE
TRUE,crown,crown,TRUE
TRUE,hen,hen,TRUE
TRUE,row,row,TRUE
TRUE,jump,jump,TRUE
TRUE,faint,faint,TRUE
FALSE,buf,bud,FALSE
FALSE,tyw,tow,FALSE
TRUE,dull,dull,TRUE
TRUE,mower,mower,TRUE
FALSE,entranc,entrance,FALSE
TRUE,mast,mast,TRUE
FALSE,inidc,hominid,FALSE
FALSE,someon,someone,FALSE
TRUE,bull,bull,TRUE
TRUE,feral,feral,TRUE
FALSE,avtn,attn,FALSE
FALSE,afml,aflame,FALSE
FALSE,phog,fog,FALSE
TRUE,explain,explain,TRUE
FALSE,nas,ans,FALSE
FALSE,cfm,cf,FALSE
FALSE,klgb,LGBT,FALSE
FALSE,commentstwo,comments two,FALSE
FALSE,occup,occupy,FALSE
TRUE,mountain,mountain,TRUE
FALSE,cleveland,Cleveland,TRUE
TRUE,abut,abut,TRUE
FALSE,geg,jg,FALSE
FALSE,firew,fire,FALSE
TRUE,act,act,TRUE
TRUE,fast,fast,TRUE
TRUE,distinct,distinct,TRUE
FALSE,cleand,cleans,FALSE
TRUE,keep,keep,TRUE
TRUE,ram,ram,TRUE
TRUE,rubber,rubber,TRUE
FALSE,certifi,certify,FALSE
TRUE,rapid,rapid,TRUE
TRUE,marsh,marsh,TRUE
TRUE,downtown,downtown,TRUE
FALSE,actuat,actuate,FALSE
FALSE,malfunct,malfunction,FALSE
FALSE,rwl,rel,FALSE
TRUE,cannon,cannon,TRUE
TRUE,bell,bell,TRUE
FALSE,tulsa,Tulsa,TRUE
FALSE,togeth,together,FALSE
TRUE,tap,tap,TRUE
TRUE,accept,accept,TRUE
FALSE,sav,sac,FALSE
TRUE,tour,tour,TRUE
TRUE,solid,solid,TRUE
FALSE,websit,website,FALSE
FALSE,pwm,wpm,FALSE
TRUE,meadow,meadow,TRUE
FALSE,unfortun,unfortunate,FALSE
FALSE,rmk,rm,FALSE
FALSE,cptns,captions,FALSE
TRUE,equal,equal,TRUE
FALSE,decrea,decree,FALSE
FALSE,lihu,lieu,FALSE
FALSE,memphi,memsahib,FALSE
TRUE,poor,poor,TRUE
FALSE,footbal,football,FALSE
TRUE,flatten,flatten,TRUE
FALSE,ogg,egg,FALSE
TRUE,blew,blew,TRUE
TRUE,join,join,TRUE
FALSE,dec,DEC,TRUE
FALSE,oakland,Oakland,TRUE
FALSE,accoust,accost,FALSE
TRUE,radius,radius,TRUE
FALSE,canadian,Canadian,TRUE
FALSE,besid,beside,FALSE
TRUE,pipe,pipe,TRUE
FALSE,regist,resist,FALSE
TRUE,twin,twin,TRUE
FALSE,mgt,mtg,FALSE
FALSE,juan,Juan,TRUE
TRUE,outlet,outlet,TRUE
FALSE,crp,crap,FALSE
TRUE,blunt,blunt,TRUE
TRUE,tall,tall,TRUE
FALSE,surviv,survive,FALSE
TRUE,dust,dust,TRUE
TRUE,learn,learn,TRUE
TRUE,valley,valley,TRUE
FALSE,wilson,Wilson,TRUE
FALSE,oscar,Oscar,TRUE
FALSE,anyon,annoy,FALSE
FALSE,nasa,NASA,TRUE
FALSE,aircraft’,aircraft,FALSE
FALSE,precipit,precipitate,FALSE
FALSE,kpwm,KP,FALSE
FALSE,unus,unis,FALSE
FALSE,easili,easily,FALSE
FALSE,ceil,cal,FALSE
FALSE,realli,really,FALSE
TRUE,gash,gash,TRUE
FALSE,tys,ts,FALSE
FALSE,dismemb,dismember,FALSE
FALSE,doubl,double,FALSE
TRUE,herd,herd,TRUE
TRUE,slid,slid,TRUE
TRUE,disk,disk,TRUE
TRUE,coot,coot,TRUE
FALSE,electr,elect,FALSE
TRUE,life,life,TRUE
FALSE,adc,ADC,TRUE
FALSE,florida,Florida,TRUE
FALSE,wer,wee,FALSE
FALSE,judg,judg,TRUE
TRUE,particular,particular,TRUE
FALSE,intx,intx,TRUE
TRUE,link,link,TRUE
FALSE,decompo,decompose,FALSE
TRUE,detach,detach,TRUE
FALSE,msg,MSG,TRUE
FALSE,lgb,lg,FALSE
TRUE,account,account,TRUE
TRUE,arr,arr,TRUE
FALSE,rvsm,MIRV,FALSE
FALSE,cyyz,cyst,FALSE
FALSE,avl,val,FALSE
FALSE,nct,ct,FALSE
FALSE,ggn,gen,FALSE
TRUE,age,age,TRUE
FALSE,pafa,para,FALSE
FALSE,pof,pof,TRUE
TRUE,curl,curl,TRUE
TRUE,plate,plate,TRUE
TRUE,beam,beam,TRUE
FALSE,underbelli,underbelly,FALSE
FALSE,windsheild,windshield,FALSE
FALSE,norfolk,Norfolk,TRUE
FALSE,kroc,Kroc,TRUE
TRUE,piper,piper,TRUE
TRUE,sic,sic,TRUE
TRUE,beacon,beacon,TRUE
FALSE,medsiz,midsize,FALSE
FALSE,disintegr,disintegr,TRUE
FALSE,lpc,lpc,TRUE
TRUE,mule,mule,TRUE
TRUE,fault,fault,TRUE
FALSE,kilm,kilm,TRUE
FALSE,jetblast,jet blast,FALSE
FALSE,rebook,rebook,TRUE
TRUE,fond,fond,TRUE
FALSE,eventu,event,FALSE
FALSE,lxj,lxj,TRUE
FALSE,rwr,rwr,TRUE
FALSE,depatur,departure,FALSE
FALSE,vni,vni,TRUE
FALSE,andrew,Andrew,TRUE
TRUE,plea,plea,TRUE
FALSE,microstructur,microstructur,TRUE
TRUE,cuckoo,cuckoo,TRUE
TRUE,outgo,outgo,TRUE
FALSE,verif,verify,FALSE
TRUE,eight,eight,TRUE
FALSE,unknownunreport,unbeknownst,FALSE
TRUE,stack,stack,TRUE
TRUE,critic,critic,TRUE
FALSE,swerv,swerve,FALSE
FALSE,kansa,kansa,TRUE
TRUE,thing,thing,TRUE
FALSE,countri,country,FALSE
TRUE,van,van,TRUE
FALSE,vega,Vega,TRUE
TRUE,fight,fight,TRUE
FALSE,sacramento,Sacramento,TRUE
FALSE,aero,aero,TRUE
FALSE,london,London,TRUE
FALSE,imb,imb,TRUE
FALSE,asia,Asia,TRUE
TRUE,upward,upward,TRUE
FALSE,bcad,bcad,TRUE
FALSE,nad,nad,TRUE
FALSE,durng,during,FALSE
FALSE,durin,during,FALSE
FALSE,pushback,push back,FALSE
TRUE,trike,trike,TRUE
FALSE,sju,sju,TRUE
FALSE,birdstik,birdseed,FALSE
FALSE,birdstriek,birdseed,FALSE
FALSE,yellowrump,yellow rump,FALSE
TRUE,avian,avian,TRUE
TRUE,preform,preform,TRUE
FALSE,vespertilionida,vespertilionida,TRUE
FALSE,kmht,kmht,TRUE
FALSE,adsb,adsb,TRUE
FALSE,altern,alter,FALSE
TRUE,mild,mild,TRUE
TRUE,cook,cook,TRUE
FALSE,ftl,flt,FALSE
FALSE,momentarili,momentarily,FALSE
FALSE,icao,icao,TRUE
TRUE,float,float,TRUE
FALSE,inpsect,inspect,FALSE
FALSE,buckl,buckl,TRUE
TRUE,flashlight,flashlight,TRUE
TRUE,pound,pound,TRUE
FALSE,glideslop,glide slop,FALSE
TRUE,thunderstorm,thunderstorm,TRUE
TRUE,quail,quail,TRUE
FALSE,austin,Austin,TRUE
FALSE,evidenc,evidence,FALSE
FALSE,ict,cit,FALSE
FALSE,resembl,resemble,FALSE
TRUE,quadrant,quadrant,TRUE
TRUE,com,com,TRUE
TRUE,build,build,TRUE
TRUE,ocean,ocean,TRUE
FALSE,yyz,yyz,TRUE
TRUE,drain,drain,TRUE
FALSE,asr,asr,TRUE
TRUE,storm,storm,TRUE
TRUE,warm,warm,TRUE
TRUE,alcohol,alcohol,TRUE
TRUE,wild,wild,TRUE
TRUE,display,display,TRUE
TRUE,pipit,pipit,TRUE
TRUE,bash,bash,TRUE
FALSE,nfe,nfe,TRUE
FALSE,goggl,goggle,FALSE
FALSE,cic,cic,TRUE
FALSE,erj,erj,TRUE
FALSE,atm,ATM,TRUE
FALSE,imapct,impact,FALSE
FALSE,gps,GPS,TRUE
FALSE,phli,phli,TRUE
FALSE,biolog,biology,FALSE
FALSE,whitethro,whitethro,TRUE
FALSE,lawa,lawa,TRUE
FALSE,whitegoldencrown,whitegoldencrown,TRUE
FALSE,nnk,nnk,TRUE
FALSE,avport,airport,FALSE
FALSE,slp,slp,TRUE
FALSE,“report,report,FALSE
FALSE,strang,strange,FALSE
TRUE,meter,meter,TRUE
TRUE,lock,lock,TRUE
FALSE,unaffect,unaffected,FALSE
TRUE,snipe,snipe,TRUE
TRUE,overhaul,overhaul,TRUE
TRUE,aluminum,aluminum,TRUE
FALSE,pwr,power,FALSE
FALSE,ruptur,rupture,FALSE
TRUE,mar,mar,TRUE
FALSE,shorelin,shoreline,FALSE
FALSE,startl,start,FALSE
TRUE,disc,disc,TRUE
FALSE,personel,personnel,FALSE
FALSE,rno,rno,TRUE
FALSE,laguardia,laguardia,TRUE
TRUE,treat,treat,TRUE
FALSE,feb,Feb,TRUE
FALSE,jal,jal,TRUE
TRUE,pond,pond,TRUE
FALSE,apr,APR,TRUE
FALSE,accur,accur,TRUE
FALSE,kkb,kkb,TRUE
TRUE,term,term,TRUE
FALSE,brazilian,Brazilian,TRUE
FALSE,fouond,found,FALSE
FALSE,krno,krno,TRUE
FALSE,ccd,ccd,TRUE
FALSE,kgfk,kgfk,TRUE
FALSE,kgsp,kgsp,TRUE
FALSE,assit,assisi,FALSE
FALSE,poc,poc,TRUE
FALSE,lwoi,lwoi,TRUE
FALSE,kecg,kecg,TRUE
FALSE,smallm,small,FALSE
FALSE,cid,CID,TRUE
FALSE,produc,produce,FALSE
FALSE,btv,btv,TRUE
TRUE,foreign,foreign,TRUE
FALSE,eug,eug,TRUE
TRUE,junction,junction,TRUE
FALSE,brid,brid,TRUE
TRUE,fit,fit,TRUE
TRUE,sharp,sharp,TRUE
FALSE,bombardi,bombardi,TRUE
FALSE,attent,attest,FALSE
FALSE,thoma,thoma,TRUE
FALSE,insur,insure,FALSE
FALSE,teterboro,terror,FALSE
FALSE,francisco,Francisco,TRUE
FALSE,juv,jun,FALSE
FALSE,dissip,dis sip,FALSE
TRUE,phi,phi,TRUE
TRUE,wear,wear,TRUE
FALSE,srike,strike,FALSE
FALSE,klex,klex,TRUE
FALSE,cockit,cockpit,FALSE
TRUE,drove,drove,TRUE
FALSE,spp,app,FALSE
TRUE,swing,swing,TRUE
FALSE,sgf,sgf,TRUE
FALSE,util,util,TRUE
FALSE,rtb,rtb,TRUE
FALSE,blastpad,blast pad,FALSE
FALSE,kboi,kboi,TRUE
FALSE,kiwa,kiwa,TRUE
FALSE,rodriguez,Rodriguez,TRUE
FALSE,inbnd,inbound,FALSE
FALSE,inspec,inspect,FALSE
FALSE,superfici,superficial,FALSE
TRUE,cal,cal,TRUE
TRUE,rate,rate,TRUE
TRUE,perm,perm,TRUE
TRUE,meant,meant,TRUE
TRUE,scoop,scoop,TRUE
TRUE,chop,chop,TRUE
TRUE,shell,shell,TRUE
TRUE,fuse,fuse,TRUE
TRUE,iii,iii,TRUE
FALSE,goug,gouge,FALSE
FALSE,wrinkl,wrinkle,FALSE
FALSE,lih,lih,TRUE
FALSE,windi,wind,FALSE
FALSE,impal,impale,FALSE
FALSE,cautionari,cautionary,FALSE
FALSE,grea,great,FALSE
TRUE,shudder,shudder,TRUE
TRUE,woodchuck,woodchuck,TRUE
FALSE,ovc,ovc,TRUE
TRUE,visit,visit,TRUE
TRUE,discern,discern,TRUE
FALSE,jame,Jame,TRUE
FALSE,brant,Brant,TRUE
FALSE,preliminari,preliminary,FALSE
TRUE,hawker,hawker,TRUE
TRUE,cell,cell,TRUE
TRUE,bear,bear,TRUE
FALSE,utah,Utah,TRUE
FALSE,hte,the,FALSE
TRUE,step,step,TRUE
TRUE,exceed,exceed,TRUE
FALSE,escap,escape,FALSE
TRUE,basket,basket,TRUE
TRUE,chevron,chevron,TRUE
TRUE,eastbound,eastbound,TRUE
FALSE,dup,dup,TRUE
FALSE,moc,com,FALSE
FALSE,flightawarecom,flightawarecom,TRUE
FALSE,temperatur,temperature,FALSE
FALSE,whitecrown,white crown,FALSE
FALSE,kcrp,kcrp,TRUE
FALSE,glf,glf,TRUE
FALSE,taa,taa,TRUE
FALSE,nan,Nan,TRUE
FALSE,lcw,lcw,TRUE
FALSE,reportedfound,reported,FALSE
FALSE,leapa,leapa,TRUE
TRUE,whiskey,whiskey,TRUE
FALSE,blk,blk,TRUE
TRUE,crest,crest,TRUE
TRUE,rpm,rpm,TRUE
FALSE,conver,conver,TRUE
FALSE,coord,coord,TRUE
FALSE,heavili,heavily,FALSE
TRUE,bowl,bowl,TRUE
TRUE,jolt,jolt,TRUE
FALSE,crea,crea,TRUE
FALSE,kreuger,kreuger,TRUE
FALSE,exchang,exchange,FALSE
FALSE,pob,pob,TRUE
FALSE,baltimor,baltimor,TRUE
FALSE,ksav,ksav,TRUE
FALSE,squar,squar,TRUE
FALSE,contamin,contain,FALSE
FALSE,chanc,chance,FALSE
FALSE,incomplet,incomplete,FALSE
FALSE,panc,panc,TRUE
TRUE,sup,sup,TRUE
TRUE,dart,dart,TRUE
TRUE,asst,asst,TRUE
FALSE,ird,ird,TRUE
FALSE,airstream,airstream,TRUE
FALSE,grr,grr,TRUE
TRUE,victim,victim,TRUE
FALSE,dmgs,damaged,FALSE
TRUE,real,real,TRUE
FALSE,dunlin,dunlin,TRUE
FALSE,nvg,nvg,TRUE
FALSE,amd,amd,TRUE
FALSE,scienc,science,FALSE
FALSE,airpt,airport,FALSE
TRUE,gopher,gopher,TRUE
FALSE,postland,postland,TRUE
FALSE,smithsonianfaa,smithsonian,FALSE
TRUE,random,random,TRUE
FALSE,chq,chq,TRUE
FALSE,onsit,onsite,FALSE
FALSE,wja,wja,TRUE
FALSE,poststrik,poststrik,TRUE
TRUE,southbound,southbound,TRUE
FALSE,carcus,carcass,FALSE
FALSE,nqs,nqs,TRUE
FALSE,jesus,Jesus,TRUE
FALSE,veoci,velocity,FALSE
TRUE,effort,effort,TRUE
FALSE,approv,approve,FALSE
TRUE,roost,roost,TRUE
FALSE,inspctn,inspect,FALSE
TRUE,flicker,flicker,TRUE
FALSE,anticip,anticipate,FALSE
FALSE,decel,decelaration,FALSE
FALSE,ohar,ohar,TRUE
TRUE,pillar,pillar,TRUE
TRUE,shallow,shallow,TRUE
FALSE,evad,evade,FALSE
TRUE,jam,jam,TRUE
FALSE,errat,errat,TRUE
TRUE,address,address,TRUE
TRUE,chicken,chicken,TRUE
FALSE,rpt,rpt,TRUE
FALSE,despit,despit,TRUE
FALSE,rememb,remember,FALSE
FALSE,accompani,accompany,FALSE
TRUE,trap,trap,TRUE
FALSE,twd,twd,TRUE
TRUE,ding,ding,TRUE
TRUE,drag,drag,TRUE
TRUE,fur,fur,TRUE
TRUE,photograph,photograph,TRUE
TRUE,rare,rare,TRUE
FALSE,chris,chris,TRUE
TRUE,mph,mph,TRUE
FALSE,suppli,supply,FALSE
FALSE,massiv,massive,FALSE
TRUE,northbound,northbound,TRUE
FALSE,mandatori,mandatory,FALSE
FALSE,surpri,surpri,TRUE
FALSE,innard,innard,TRUE
TRUE,feeder,feeder,TRUE
FALSE,nde,nde,TRUE
TRUE,lone,lone,TRUE
FALSE,nonemerg,nonemerg,TRUE
FALSE,inxtn,inxtn,TRUE
TRUE,towel,towel,TRUE
FALSE,nev,nev,TRUE
TRUE,victor,victor,TRUE
FALSE,remian,remain,FALSE
TRUE,correspond,correspond,TRUE
FALSE,waypoint,way point,FALSE
FALSE,technic,technical,FALSE
FALSE,skv,skv,TRUE
FALSE,jettpro,jetport,FALSE
FALSE,npq,npq,TRUE
TRUE,belong,belong,TRUE
FALSE,winshield,windshield,FALSE
TRUE,std,std,TRUE
FALSE,pae,pae,TRUE
TRUE,better,better,TRUE
FALSE,boundari,boundari,TRUE
TRUE,bolt,bolt,TRUE
FALSE,lgd,lgd,TRUE
TRUE,ascertain,ascertain,TRUE
FALSE,uncontain,uncontain,TRUE
TRUE,tie,tie,TRUE
FALSE,expir,expire,FALSE
FALSE,distribut,distribute,FALSE
FALSE,chickad,chickad,TRUE
TRUE,soul,soul,TRUE
TRUE,treatment,treatment,TRUE
FALSE,striek,strike,FALSE
TRUE,pave,pave,TRUE
FALSE,challeng,challenge,FALSE
TRUE,bbl,bbl,TRUE
FALSE,aircraftunit,aircraft unit,FALSE
FALSE,nyx,nyx,TRUE
TRUE,glare,glare,TRUE
FALSE,damga,damaged,FALSE
FALSE,dir,dir,TRUE
FALSE,cloudi,cloud,FALSE
TRUE,program,program,TRUE
FALSE,sunni,sunni,TRUE
FALSE,nosefuselag,fuselage,FALSE
FALSE,sse,sse,TRUE
TRUE,wrap,wrap,TRUE
FALSE,sunri,sunri,TRUE
FALSE,dabbl,dabbl,TRUE
FALSE,asssum,assume,FALSE
FALSE,ktus,ktus,TRUE
FALSE,explod,explode,FALSE
TRUE,dot,dot,TRUE
TRUE,throat,throat,TRUE
TRUE,interim,interim,TRUE
TRUE,exist,exist,TRUE
TRUE,mag,mag,TRUE
FALSE,centelrin,centelrin,TRUE
FALSE,approc,approach,FALSE
FALSE,ffb,ffb,TRUE
TRUE,uniform,uniform,TRUE
FALSE,btwen,between,FALSE
FALSE,foundon,found on,FALSE
TRUE,stun,stun,TRUE
FALSE,nsi,nsi,TRUE
FALSE,repot,report,FALSE
FALSE,dur,dur,TRUE
FALSE,queri,queri,TRUE
FALSE,smithsonan,smithsonian,FALSE
FALSE,officer’,officer,FALSE
FALSE,aalb,aalb,TRUE
